,NoDur,Durbl,Manuf,Enrgy,Chems,BusEq,Telcm,Utils,Shops,Hlth ,Money
192607,1.45,15.55,3.67,-1.18,8.01,3.16,0.83,7.04,0.11,1.77,0.37
192608,3.97,3.68,2.42,3.47,5.14,1.97,2.17,-1.69,-0.71,4.25,4.46
192609,1.14,4.8,-0.07,-3.39,5.3,-0.34,2.41,2.04,0.21,0.69,-1.23
192610,-1.24,-8.23,-3.16,-0.78,-4.55,-5.38,-0.11,-2.63,-2.29,-0.57,-5.16
192611,5.2,-0.19,3.82,0.01,5.11,4.79,1.63,3.71,6.43,5.42,2.24
192612,0.82,9.89,3.72,2.82,5.13,-1.78,1.99,-0.17,0.62,0.11,2.68
192701,-0.67,-0.92,-0.36,1.29,0.29,-0.77,1.88,-1.79,-2.55,5.05,-2.38
192702,3.37,8.91,4.6,1.47,9.56,4.6,3.97,4.53,3.61,1.71,2.97
192703,2.73,1.62,0.36,-6.01,5.95,0.55,5.56,0.37,-0.41,1.01,1.36
192704,3.35,3.15,0.17,-5.17,2.79,6.2,-2.13,1.71,4.46,2.74,2.89
192705,8.14,5.93,5.41,4.82,4.14,7.71,3.35,9.21,2.34,4.12,10.25
192706,-1.79,-3,-2.58,-3.16,-1.73,2.88,-2.14,-3.57,-0.62,0.54,-0.03
192707,4.81,13.09,10.1,2.85,17.1,13.32,3.73,5.31,9.84,9.84,6.59
192708,2.76,6.98,3.01,-0.04,2.11,6.73,0.43,3.43,7.34,0.28,1.7
192709,5.24,5.67,4.31,3.32,5.79,0.86,6.53,8.29,7.5,5.65,6.17
192710,-0.8,-4.38,-6.67,-2.04,-6.92,-7.15,-2.09,-4.34,-4.93,5.13,4.1
192711,6.81,6.39,11.36,4.16,8.95,11.19,2.83,6.32,11.67,3.68,8
192712,2.46,7.77,3.72,0.89,-0.04,2.12,1.33,2.24,-0.68,-0.46,11.08
192801,0.52,-3.34,-0.59,-1.86,-0.44,-0.44,0.3,5.87,-0.88,2.69,1.45
192802,-4.17,1.26,-2.61,-0.22,0.99,-0.84,-0.3,-0.68,-1.12,-1.38,-2.79
192803,4.39,27.49,6.4,5.32,12.62,22.44,1.96,6.62,8.49,10.54,9.57
192804,-0.46,1.46,2.03,15.12,0.06,2.31,3.22,10.94,0,2.35,8.87
192805,0.88,5.65,3.97,-5.29,2.69,1.69,6.61,1.51,3.79,9.27,2.28
192806,-4.42,-4.08,-5.59,-4.07,-2.73,-5.35,-5.22,-3.43,-3.4,-3.15,-9.91
192807,1.68,0.94,2.15,1.05,2.01,-0.03,-1.28,-1.24,5.44,2.39,0.29
192808,6.11,9.04,8.17,2.41,8.91,11.17,4.55,6.46,13.53,14.57,5.23
192809,1.14,7.88,3.63,5.34,4.6,1.29,0.15,3.76,0.17,-1.14,1.8
192810,0.9,0.08,3.91,2.04,5.11,1.98,2.97,-1.89,5.9,0.05,2.6
192811,6.62,4.51,12.74,17.23,12.89,21.68,6.68,21.93,15.29,5.05,10
192812,-0.52,-1.22,3.26,-4.36,1.93,8.18,-0.38,1.57,-1.32,-0.41,1.17
192901,3.38,1.3,7.07,-7.59,21.78,11.54,13.38,13.17,-3.88,3.43,8.26
192902,-2.62,-0.03,4.82,-0.1,-0.58,-0.94,-1.15,-1.99,-2.41,0.05,0.83
192903,-4.63,-1.88,-1.28,11.03,-3.56,5.29,4.29,-3.17,-5.13,-1.5,-1.19
192904,1.8,-0.98,1.77,0.74,3.61,1.91,3.39,5.13,3.75,1.48,0.45
192905,-3.94,-15.05,-10.44,-5.57,-7.22,0.69,-8.77,4.8,-8.65,-7.84,-3.12
192906,5.36,7.01,11.01,1.14,19.59,18.18,13.7,23.47,9.47,4.52,6.34
192907,3.23,-2.95,3.91,0.16,4.83,9.42,13.68,9.14,0.96,2.59,8.43
192908,4.77,3,9.08,11.36,10.92,12.36,10.98,9.05,7.8,3.09,6.13
192909,-3.6,-8.35,-7.16,-2.95,-6.26,-8.34,-1.37,1.32,-5.38,-7.02,-5.93
192910,-10.64,-28.94,-17.19,-10.07,-24.79,-29.57,-15.39,-30.04,-24,-18.02,-29.4
192911,-8.44,-17.31,-13.5,-6.42,-16.13,-19.7,-9.47,-14.64,-12.59,-7.9,-14.02
192912,0.64,4.9,0.1,-1.18,5.82,11.87,1.01,7.94,-5.98,1.11,0.16
193001,5.7,5.95,6.43,-0.76,8.53,10.77,1.2,7.25,4.73,2.55,9.68
193002,2.15,2.44,2.61,-4.49,2.11,7.23,7.06,8.57,-5.13,3.15,6.13
193003,2.11,11.37,5.92,17.94,9.96,8,8.79,9.72,-2.44,5.99,8.64
193004,0.54,-7.81,-7.68,6.55,-4.96,1.59,-4.52,3.34,2.6,-1.27,-4.02
193005,1.36,4.12,-1.54,-3.73,-2.43,-4.58,0.4,-1.33,-0.16,-1.49,-5.6
193006,-11.04,-22.27,-15.85,-15.47,-17.83,-20.18,-8.34,-19.06,-16.15,-13.34,-21.51
193007,3.14,12.1,4.29,5.18,5.71,4.14,1.27,4.06,2.7,6.52,4.42
193008,1.98,-1.89,-1.34,-3.2,3.87,1.74,1.74,1.18,4.96,7.71,1.27
193009,-8.96,-16.73,-13.8,-15.46,-13.15,-19.11,-5.27,-11.92,-10.91,-8.7,-18.13
193010,-4.85,-11.64,-9.68,-8.37,-10.71,-18.07,-4.12,-8.28,-8.61,-4.37,-15.43
193011,0.18,5.37,-0.52,-3.72,-0.36,-3.5,-3.27,-8.74,2.74,-3.23,-8.45
193012,-4.59,-1.26,-9.92,-12.32,-4.73,-10.58,-3.8,-3.69,-13.44,-6.79,-12.53
193101,5.4,8.02,4.64,5.31,1.19,5.19,4.79,5.53,7.19,8.23,18.42
193102,6.81,17.37,13.42,5.77,11.7,23.61,5.95,15.27,14.79,7.81,17.32
193103,-1.69,-3.81,-6.98,-14.26,-6.29,-7.87,-3.58,-2.94,-3.27,1.8,-8.55
193104,-5.29,-7.87,-15.12,-13.45,-10.72,-14.21,-4.25,-9.04,-4.84,-3.62,-15.16
193105,-11.01,-16.08,-18.61,-12.54,-11.73,-12.37,-8.94,-11.15,-3.27,-10.26,-19.06
193106,10.73,14.63,17.57,17.57,16.78,19.14,10.21,11,7.86,9.69,23.48
193107,-3.81,-2.1,-12.63,-3.63,-5.24,-10.63,-4.87,-5.39,-1.53,2.61,-8.81
193108,-0.65,-2.78,-0.36,9.48,0.83,3.55,0.82,-1.74,3.02,0.39,0.39
193109,-24.69,-34.8,-28.84,-29.84,-31.43,-34.65,-21.56,-33.05,-30.24,-29.45,-40.02
193110,6.89,12.96,5.82,14.02,7.3,11.58,4.34,10.48,13.97,11.26,12.02
193111,-4.35,-3.49,-9.97,-8.69,-5.67,-14.51,-6.86,-4.77,-9.4,-2.79,-11.19
193112,-9.51,-8.78,-19.89,-18.91,-6.76,-13.75,-7.94,-13.24,-15.17,-4.1,-20.98
193201,2.06,-6.9,1.79,-4.86,-4.32,-12.71,-4.04,-2.52,0.79,-2.66,3.75
193202,5.37,2.09,4.56,8.75,7.35,7.71,11.63,7.04,4.11,2.05,13.62
193203,-5.98,-22.18,-14.69,-1.1,-12.8,-15.95,-9.9,-9.57,-9.27,-6.41,-15.23
193204,-11.35,-29.53,-20.66,-13.94,-27.72,-22.52,-12.39,-15.5,-15.71,-19.77,-19.35
193205,-21.22,-18.59,-21.27,-5.56,-12.9,-30.2,-10.81,-26.82,-29.28,-34.08,-30.32
193206,1.16,-7.82,1.25,5.94,-7.98,7.99,-9.55,1.45,-0.59,11.05,6.25
193207,24.7,44.95,46.64,35.13,30.16,49.48,16.7,29.35,27.11,29.18,52.07
193208,22.71,45.25,52.18,19.49,33.17,48.24,28.17,43.46,32.91,35.87,59.48
193209,-0.86,8.5,-5.62,-10.16,4.74,-6.11,0.24,-4.65,3.06,-11.92,-6.87
193210,-11.41,-24.75,-15.92,-3.79,-14.72,-20.63,-8.13,-10.82,-12.68,-18.56,-17.18
193211,-7.1,-2.71,-13.95,-4.53,-2.45,-8.84,-1.12,-3.6,-5.61,5.53,-3.39
193212,3.81,4.47,-0.51,0.05,10.7,6.87,3.67,9.12,5,6.82,8.87
193301,4.66,0.83,4.73,-3.01,1.69,0.6,0.31,-4.38,-2.4,-1.13,1.51
193302,-9.06,-24.48,-17.41,-13.9,-17.25,-21.28,-7.77,-19.85,-17.96,-10.82,-20.14
193303,10.37,9.23,13.76,4.39,6.41,6.64,-5.85,-12.79,8.53,-3.16,-6.84
193304,34.17,79.79,60.17,38.99,48.6,58.59,13.22,25.36,42.45,37.13,42.8
193305,12.71,26.05,25.78,17.71,25.97,19.8,17.37,19.29,17.06,23.49,26.21
193306,10.34,20.75,13.1,12.5,10.6,11.38,10.5,15.58,16.26,10.39,18.49
193307,-6.61,-7.05,-12.17,-12.05,-9.47,-11.48,-4.36,-13.58,-13.46,-19.11,-12.47
193308,9.86,20.76,14.39,19.07,19.23,13.3,4.53,-1.23,7.15,-0.38,9.16
193309,-7.45,-15.32,-10.99,-2.69,-8.23,-18.41,-3.56,-19.74,-8.74,-1.31,-16.95
193310,-9.12,-10.06,-9.87,-4.85,-4.64,-10.11,-7.18,-7.5,-7.83,-6.02,-13.03
193311,5.21,25.38,11.63,14.69,14.42,13.2,5.63,-2.39,14.45,9.4,6.55
193312,-3.39,10.45,4.34,-1.27,5.04,1.07,-3.75,1.05,4.57,-11.73,3.45
193401,10.02,13.2,14.65,8.73,5.12,16.95,5.97,20.52,17.3,16.77,23.93
193402,-4.98,-2.06,-3.36,-3.38,-2.47,-7.4,2.12,-1.69,3.03,-3.59,-1.73
193403,1.17,-0.3,-1.03,-1.33,-1.81,4.21,1.27,-1.8,2.4,-0.64,0.58
193404,3.1,-6.85,-2.33,-1.99,-2.76,-3.72,-1.25,-3.75,-1.21,8,-1.06
193405,-3,-12.82,-11.29,-4.64,-6.76,-8.13,-4.3,-7.73,-7.92,-0.38,-8.34
193406,3.85,-2.75,3.85,1.2,4.83,2.75,1.32,4.26,2.43,2.04,5.08
193407,-5.12,-13.83,-14.69,-9.73,-5.18,-13.9,-4.34,-17.24,-8.35,-1.89,-14.77
193408,4.22,10.87,8,6.12,6.32,7.36,2.56,2.04,4.72,-3.05,5.65
193409,0.24,0.68,-1.93,-2.32,0.32,-0.58,1.9,1.61,2.55,0.8,-2.4
193410,0.61,-2.08,-1.11,-4.69,1.13,-2.26,-1.56,-7.61,1.68,-0.71,1.86
193411,8.5,17.61,14.58,7.03,9.08,15.05,-1.73,-0.25,9.61,4.07,8.68
193412,-0.94,3.56,3.65,0.68,-0.18,4.12,-0.59,-8.66,-1.04,0.62,1.44
193501,-1.4,-9.03,-3.17,-4.37,-0.85,1.26,-0.46,-3.16,-5.27,-0.86,-4.98
193502,1.61,-3.27,-2.95,-3.35,0.92,-1.19,1.04,-12.16,-0.62,4.25,-1.66
193503,-4.63,-5.82,-5.25,-3.82,-3.6,-4.98,-0.72,12.34,-4.33,-3.14,-1.84
193504,5.73,5.73,9.85,15.48,8.26,9.15,9.13,11.14,6.47,3.18,6.29
193505,1.09,2.96,1.44,3.51,2.44,3.02,8.38,13.76,2.53,-4.02,5.69
193506,5.51,9.78,6.94,1.51,5.84,8.81,5.35,9.11,6.28,4.09,7.35
193507,3.14,19.08,13.75,0.13,5.1,11.56,5.74,9.22,7.51,3.19,8.06
193508,-1.56,9.01,2.35,-1.89,4.41,3.82,4.07,7.21,3.09,0.29,5.67
193509,1.69,11.09,3.21,-3.33,6.12,7.97,4.28,-2.03,-0.57,1.11,-1.82
193510,4.48,13.63,7.44,13.52,3.38,9.28,3.11,14.13,1.22,5.97,8.01
193511,1.1,3.49,5.85,2.78,1.63,7.5,9.72,0.82,2.92,1.74,12.69
193512,2.08,5.8,4.69,14.09,1.41,4.38,-0.16,5.62,-1.02,2.35,5.46
193601,3.24,3.89,5.83,14.06,4.77,7.34,4.17,12.53,-2.81,3.46,6.55
193602,0.61,3.74,7.15,1.26,2.35,0.13,6.57,-6.59,0.99,3.45,-0.86
193603,-2.08,10.19,2.47,1.75,2.67,-0.91,-3.37,0.64,1.14,3.52,-2.29
193604,-4.45,-10.15,-9.98,-10.28,-6.77,-8.91,-5.66,-8.34,-5.24,-9.19,-7.58
193605,4.96,4.06,6.45,-0.57,5.45,5.57,6.46,9.52,6.7,4.8,13.05
193606,2.32,6.86,0.02,1.73,4.03,0.61,2.43,3.62,5.29,1.29,3.7
193607,2.97,4.91,7.37,4.74,8.15,12.98,2.44,11.59,6.21,4.65,7.16
193608,0.84,-0.28,3.01,-0.67,-1.12,3.04,1.76,-1.03,2.49,-1.48,0.21
193609,-0.66,3.26,1.87,1.39,1.91,-0.91,0.33,-2.05,2.94,0.77,2.3
193610,3.37,5.08,8.22,12.48,6.26,6.37,5.09,5.72,11.22,3.78,5.49
193611,4.53,-1.37,5.91,1.48,4.53,5.51,3.87,-2.86,11,3.4,5.96
193612,-1.42,-7.24,3.52,9.24,-1.51,3.25,-0.4,-1.63,-8.14,-2.04,-2.65
193701,2.45,7.27,5.14,2.41,2.76,10.24,-0.85,2.61,0.07,3.47,0.48
193702,0.89,-0.5,4.29,1.49,-0.89,-1.56,-3.06,-4.19,3.06,-3.72,-0.38
193703,-1.01,-4.13,2.74,3.39,-2.01,-4.74,-2.09,-6.32,-2.73,-5.03,-3.63
193704,-6.38,-7.9,-11.26,-5.3,-4.07,-7.79,-5.25,-7.47,-7.24,-3.32,-6.85
193705,-0.44,-1.97,1.09,-0.24,1.69,-0.56,1.53,-5.27,-4.54,1.68,-3.27
193706,-3.24,-10.77,-3.64,-2.66,-3.16,-1.8,1.39,-5.26,-1.59,-4.12,-4.95
193707,5.07,13.23,10.73,8.42,5.41,10.27,3.27,19.32,10.33,4.14,16.22
193708,-2.47,-2.27,-4.74,-6.57,-3.02,-5.81,-2.54,-10.18,-4.27,1.09,-15.07
193709,-9.12,-12.67,-20.36,-13.21,-9.6,-15.44,-2.1,-11.75,-14.1,-10.76,-14.58
193710,-7.06,-12.88,-14.65,-6.95,-11.37,-7.7,-5.36,-4.88,-7.04,-3.55,-8.35
193711,-5.86,-15.24,-9.25,-11.48,-9.39,-3.92,-3.59,2.9,-14.36,-5.12,-7.39
193712,-2.27,-16.27,-3.41,-1.25,0.41,-3.55,-1.54,-10.69,-6.55,-2.41,-7.02
193801,2.96,11.05,-1.35,0.51,-0.99,-2.74,-2.43,-5.7,5.92,3.52,-0.23
193802,3.46,3.47,8.75,9.42,7.39,5.37,-2.32,3.64,9.5,8.61,6.7
193803,-15.79,-27.35,-27.34,-25.2,-22.22,-28.81,-17.44,-19.61,-22.19,-14.44,-25.19
193804,12.27,14.85,17.53,15.92,8.23,16,13.47,14.78,16.18,11.82,16.56
193805,-0.23,-6.92,-8.52,-5.82,-3.25,-3.14,0.83,2.21,-3.86,1.71,-5.14
193806,13.2,36.01,34.94,21.98,27.55,29,12.42,16.9,24.03,10.07,26.37
193807,6.61,19.89,6.93,7.38,6.29,6.1,1.28,0.68,9.06,5.8,8.89
193808,-4.02,5.97,-3.11,-8.82,0.22,-0.83,0.28,-5.53,-2.4,0.36,-4.09
193809,0.51,0.69,1.27,0.82,2.49,1.45,0.85,1.23,0.06,-0.01,0.03
193810,5.15,6.49,12.14,-1.56,7.17,11.12,3.56,21.09,8.04,5.63,9.45
193811,-2.49,-1.2,-1.83,-0.11,-0.63,-4.95,0.65,-7.01,-0.37,1.44,-1.46
193812,2.76,2.12,5.68,4.86,5.2,3.01,2.57,3.95,1.03,0.85,0.83
193901,-1.92,-8.33,-10.99,-6.29,-5.81,-7.78,1.81,1.21,-3.14,-0.96,-6.12
193902,2.46,7.06,3.83,-1.18,1.11,3.45,3.53,8.78,6.2,3.72,4.31
193903,-5.75,-17.63,-19.26,-8.31,-7.6,-16.96,-2.21,-13.63,-9.59,-4.33,-11.93
193904,0.62,0.72,-1.9,-1.06,-1.34,-1.14,2.75,3.03,-0.13,1,-3.33
193905,5.47,7.89,8.92,2.55,6.19,7.14,5.56,6.61,11.38,5.49,8.83
193906,-2.04,-6.78,-8.69,-6.12,-2.32,-8.79,-3.79,-3.55,-2.7,1.1,-5.31
193907,6.22,17.58,14.38,3.03,10.08,15.38,6.51,12.71,8.71,3.08,11.12
193908,-7.36,-6.94,-9.12,-3.91,-2.68,-9.09,-4.19,-6.01,-7.33,-5.43,-9.32
193909,4.79,23.72,32.37,25.56,15.69,15.99,2.37,3.6,1.59,7.07,12.27
193910,3.26,-1.4,-2.31,-3.93,-2.42,-1.81,3.05,2.11,5.77,0.21,-0.11
193911,-0.47,-2.92,-7.7,-6.14,-2.38,-3.35,0.97,-1.49,-2.31,1.22,-0.45
193912,3.17,3.88,3.48,-0.08,4.59,3.92,2.87,2.95,3.03,3.77,2.77
194001,1.69,-3.83,-6.24,-2.19,-1.96,-4.27,-0.12,-0.05,-0.95,-1.79,0.56
194002,0.94,2.08,2.32,0.97,2.53,0.4,1.04,-1.24,2.51,1.48,0.39
194003,1.65,3.78,1.14,1.72,2.12,3.38,1.16,1.74,3.08,1.9,2.51
194004,1.75,-0.54,0.84,0.18,0.86,-2.38,0.33,-1.35,-0.13,-0.31,-0.9
194005,-20.91,-26.04,-23.73,-24.47,-19.59,-21.19,-14.13,-19.94,-24.41,-21.21,-26.13
194006,5.38,8.68,3.4,5.67,4.62,4.46,8.72,17.43,9.01,4.91,6.55
194007,-0.02,5.92,4.98,3.19,3.15,5.68,1.97,0.08,4.39,-0.52,4.71
194008,1.34,7.39,3.19,1.42,1.78,2.72,-0.36,-1.04,2.9,-2.29,2.42
194009,2.53,3.17,4.63,-2.26,3.34,4.42,1.66,-2.19,3.32,4.61,-0.41
194010,-1.41,3.94,7.93,6.3,-1.71,2.27,1.61,3.82,0.08,-3,6.35
194011,-0.99,-0.63,0.74,0.87,-4.64,-4.09,0.61,-13.06,-2.15,-1.82,0.25
194012,0.55,-3.29,0.51,2.31,2.06,0.35,2.04,1.76,0.43,-0.23,-3.16
194101,-0.51,-9.22,-7.41,-2.14,-6.32,-2.24,-2.1,-2.16,-3.63,-2.19,-1.21
194102,-2.49,1.27,-1.61,-0.69,-2.66,-0.26,-2.23,-1.2,-2.53,-4.69,-0.62
194103,0.56,-1.7,0.16,3.74,2.03,-0.21,1.78,-3.33,1.21,1.77,0.11
194104,-4.13,-10.57,-6.97,1.4,-3.82,-8.85,-6.35,-9.61,-5.22,-5.22,-7.45
194105,-1.4,0.41,3.74,5.46,3.09,-0.24,0.4,-4.43,2.27,-1.45,-2.25
194106,6.28,3.9,6.15,5.22,7.44,10.57,5.04,3.94,5.1,6.72,4.14
194107,5.53,3.97,7.85,11.06,5.67,1.35,-0.38,5.33,4.74,8.03,7.6
194108,0.83,2.34,-0.79,-3.46,-0.36,0.85,1.06,-2.06,2.37,0.08,0.31
194109,1.78,4.14,-3.14,-0.66,-2.02,-1.51,0.25,-2.85,0.43,-0.21,0.54
194110,-7.04,-7.98,-6.74,2.19,-5.98,-10.76,-2.72,-9.68,-5.2,-3.69,-5.98
194111,-3.15,-3.64,-2.27,3.13,0.07,-2.33,-4.03,-6.68,-4.52,-2.93,-2.59
194112,-3.95,-11.79,1.51,-11.1,0.14,-0.78,-8.59,-7.48,-9.83,-1.59,-7.53
194201,2.54,6.25,1.29,-1.63,-7.7,2.01,-1.37,4.09,0.66,-2.99,5.77
194202,-5.5,5.15,-0.87,-5.83,-4.98,-2.54,-0.57,-2.45,-1.92,-5.35,0.24
194203,-8.29,1.42,-4.65,-8.24,-7.55,-5.58,-6.91,-12.13,-7.09,-5.54,-6.26
194204,-4.1,-4.37,-6.37,-3.57,-1.37,-3.39,-7.32,-3.42,-5.88,-4.45,-1.69
194205,8.76,9.95,0.72,6.77,4.15,7.71,7.72,8.4,11.75,14.69,8.48
194206,3.55,1.77,3.04,4.42,4.78,3.75,-2.23,1.7,2.54,2.85,1.98
194207,2.42,2.1,3.5,6.05,1.43,1.91,4.48,-0.44,4.96,1.6,5.44
194208,0.8,2.33,1.22,3.54,0.97,1.82,2.49,0.8,1.71,2.43,1.84
194209,-0.07,2.59,2.86,2.36,4.35,4.58,2.04,5.83,0.67,0.26,2.23
194210,4.51,5.82,6.55,9.62,6.59,7.04,6.19,15.15,0.62,4.13,9.27
194211,2.71,-0.14,-3.69,0.91,0.44,1.49,2.63,-1.31,6.66,1.58,2.71
194212,4.72,8.19,5.18,7.49,5.34,6.43,0.35,4.36,2.73,8.69,5.3
194301,9.14,5.24,8.31,6.4,4.71,10.9,3.78,14.7,6.92,2.47,6.73
194302,3.62,7.58,6.2,7.91,2.9,4.68,8.81,7.92,3.08,3.64,9.2
194303,4.36,5.06,8.3,7,2.43,7.42,0.62,4.67,8.68,4.56,9.6
194304,1.03,0.53,-1.78,0.97,-0.62,1.25,4.16,4.02,1.87,1.4,1.51
194305,6.56,6.58,4.66,5.69,6.48,6.54,4.57,4.55,7.49,5.13,8.53
194306,2.05,4.85,1.15,1.19,0.18,3.11,2.27,4.19,5.59,0.5,0.11
194307,-1.87,-9.7,-7,-2.86,-6.06,-8.13,-0.18,-0.49,-3.15,-3.26,-4.3
194308,0.94,3.48,0.5,1.1,0.63,1.06,0.91,1.84,3.74,0.26,1.05
194309,2.18,1.69,2.73,1.41,2.7,5.36,1.45,3.87,2.16,4.02,1.63
194310,-0.27,-1.12,-0.17,-2.06,-2.05,-3.68,0.73,0.56,-2.4,0.57,-0.92
194311,-4.57,-5.32,-7.44,-6.93,-4.66,-6.62,-1.74,-8.38,-4.5,-3.93,-7.21
194312,6.14,7.94,7.6,7.2,3.38,8.01,3.14,7.41,6.92,3.94,8.31
194401,3.97,1.02,2.57,0.61,0.62,0.84,0.86,-0.33,0.78,0.29,1.06
194402,-0.53,3.68,0.09,0.09,-1,-2.65,0.88,1.52,1.05,-2.64,0.22
194403,2.83,4.77,2.29,1.87,2.32,3.87,0.74,1.79,2.28,2.46,3.56
194404,-1.95,-1.18,-2.4,-1.37,-1.77,-1.29,-0.57,-0.92,-1,-2.36,-3
194405,5.33,7.91,6.23,4.97,4.34,3.47,2.83,2.78,5.07,5.68,3.79
194406,5.64,9.31,7.89,0.53,5.42,8.09,3.21,4.91,5.83,3.85,8.3
194407,-0.35,-4.93,-1.86,-1.21,-2.17,-1.71,-0.37,0.2,-0.08,-1.24,-1.43
194408,2.56,3.98,2.89,-1.94,0.7,2.17,0.67,3.66,3.12,0.76,1.93
194409,-0.23,0.61,0.64,-1.38,0.27,-0.66,0.27,-1.53,1.81,0.43,-0.07
194410,-0.03,-2.74,-0.57,1.87,0.4,0.52,0.75,1.36,0.44,1.09,-0.2
194411,1.27,2.22,1.71,2.63,-0.66,1.72,0.7,-0.4,2.79,0.52,0.68
194412,2.03,3.97,5.44,5.14,2.19,4.46,0.72,3.11,2.15,1.71,2.72
194501,2.64,1.37,2.81,4.92,2.34,1.04,-2.11,5.69,0.07,0.56,3.65
194502,3.95,7.65,7.54,7.31,5.41,7.23,2.85,6.11,4.52,4.25,7.43
194503,-3,-6.03,-5.2,-5.25,-3.65,-4.17,-0.11,-3.09,-1.37,-1.83,-3.88
194504,7.1,11.15,8.62,6.9,7.61,8.63,2.51,10.1,7.16,6.33,6.17
194505,2.33,0.78,0.83,-0.87,0.55,2.27,3.76,1.89,6.26,4.11,0.9
194506,0.89,-1.53,1,-0.5,-2.4,-2.1,2.62,5.16,-3.14,-4.65,3.62
194507,-1.44,-0.98,-3.34,-3.23,-2.44,-1.35,2.18,-0.33,-0.11,-1.62,-3.31
194508,7.72,9.41,8.57,2.22,9.15,10.12,1.74,1.03,8.22,9.19,8.99
194509,6.28,2.74,6.31,1.98,6.15,2.61,1.9,6.59,5.64,6.51,1.84
194510,6.77,0.2,3.71,6.33,0.33,-0.69,2.36,6.18,5.96,6.61,7.31
194511,3.68,2.62,5.5,8.37,3.07,3.09,3.39,4.81,6.92,8.58,4.85
194512,1.29,2.54,1.29,-0.24,2.38,2.33,0.48,-1,3.46,1.53,4.55
194601,4.85,6.67,9.47,-0.07,5.34,5.82,1.91,10.84,10.98,7.76,7.78
194602,-4.82,-8.94,-6.95,-4.67,-4.81,-6.79,-2.82,-5.73,-4.23,-4.31,-7.57
194603,6.35,0.98,5.18,11.04,7.11,0.82,1.16,6.27,11.4,14.57,5.61
194604,3.54,1.42,3.65,8.77,5.81,0.99,1.59,4.34,7.2,14.67,0.96
194605,3.35,5.14,5.4,3.68,3.74,6.14,2.82,3.04,1.9,5.64,3.93
194606,-3.6,-5.92,-4.11,-3.15,-3.02,-4.74,0.3,-2.8,-7.69,-5.52,-2.71
194607,-0.75,-4.75,-3.75,-0.06,-2.23,-3.35,-0.08,-3.63,-2.99,-3.22,-4.47
194608,-5.27,-10.34,-6.67,-5.61,-6.15,-7.94,-7,-5.35,-4.83,-3.24,-6.58
194609,-10.68,-14.88,-11.02,-8.05,-8.78,-10.23,-4.74,-8.97,-6.88,-7.03,-13.51
194610,0.39,-3.31,-1.1,-0.66,-3.41,-3.03,-5.13,1.43,-2.25,-0.24,-1.48
194611,-1.31,-1.13,1.23,0.56,3.23,-3.64,1.79,0.8,-4.94,1.67,0.05
194612,3.75,6.16,6.15,4.39,7.26,5.03,3.77,6.09,4.06,7.23,8.22
194701,0.23,10.9,1.68,-0.65,-0.7,6.37,1.03,-0.14,0.68,-5.32,2.27
194702,-0.31,1.54,-0.68,-2.7,-0.21,-3.22,-2.05,-0.9,-0.39,-4.19,-2.79
194703,-2.2,-2.7,-1.91,2.29,-0.57,-3.21,-2.15,-2.79,-2.2,-1.26,-2.48
194704,-6.68,-4.08,-6.61,-0.44,-3.69,-5.74,-0.22,-3.75,-7.97,-8.6,-6.46
194705,-0.5,-2.16,-2.98,2.52,-0.44,0.25,-1.1,-2.48,-0.37,-2.68,-0.94
194706,6.53,5.87,4.57,7.76,7.32,4.69,-3.17,3.97,9.88,4.19,7.12
194707,4.65,5.2,4.89,3.87,2.22,6.4,0.81,2.54,4.61,2.6,2.44
194708,-1.38,-0.76,-1.64,-2.3,-0.48,-3.58,0.36,0.24,-3.54,-3.83,-1.29
194709,0.4,0.17,1.48,-2.71,-0.58,0.87,0.84,-1.31,-2.8,-2.62,0.77
194710,1.36,2.93,3.86,5.24,1.6,2.33,0.21,0.15,3.03,1.22,3.04
194711,-1.69,-2.68,-1.11,-0.34,-0.98,-1.24,-2.57,-7.6,-2.41,-3.04,-1.65
194712,0.69,2.24,2.88,9.29,1.85,3.03,0.44,1.19,0.36,3.1,1.07
194801,-2.69,-5.35,-4.24,-7.43,-4.27,-4.78,0.1,-0.21,-3.29,-8.23,-1.26
194802,-6.12,-5.42,-5.19,-2.96,-5.45,-3.97,-1.06,-3.47,-3.8,-3.53,-5.28
194803,5.46,7.25,10.86,9.93,7.5,10.78,1.95,6.61,6.67,6.33,8.24
194804,1.31,1.17,2.19,11.22,2.78,-0.5,2.65,1.5,5.08,2.14,4.3
194805,5.09,14.43,7.91,6.08,7.37,14.52,2.49,5.74,8.57,6.78,9.96
194806,-2,0.3,-1.71,3.49,0.28,-1.1,0.44,2.59,-1.3,-2.19,-0.4
194807,-1.67,-4.37,-4.83,-7.18,-5.25,-6.99,-1.65,-4.36,-7.72,-4.25,-5.68
194808,0.02,1.12,1.07,-2.01,-0.39,2.58,0.06,0.1,2.49,-1.9,-0.82
194809,-3.95,-3.88,-2.99,-4.46,-2.03,-3.19,-0.23,-0.91,-0.93,-3.08,-0.88
194810,3.64,7.95,6.57,9.2,6.7,7.33,1.11,4.43,4.14,5.19,6.07
194811,-6.17,-11.87,-10.73,-12.18,-8.15,-10.78,-2.06,-9.07,-5.72,-5.74,-8.65
194812,0.68,3.44,2.71,4.72,6.83,6.18,1.09,2.66,1.53,4.54,6.14
194901,3.67,2.44,0.55,-3.83,-0.19,-1.51,-1.26,4.76,1.17,4.57,-0.86
194902,-1.93,-3.69,-3.52,-4.3,-2.85,-5.2,-0.3,0.67,-2.27,-0.93,-0.72
194903,3.2,3.42,3.81,6.06,3.5,5.49,1.36,3.78,4.39,5.5,7.37
194904,-1.64,-4.22,-4.46,1.28,-2.15,-3.19,-1.64,1.23,-1.64,0.24,-0.32
194905,-0.42,-2.83,-5.05,-5.63,-0.87,-4.38,-2.18,-0.58,0.19,-1.88,-1.95
194906,1.02,1.29,0.17,-1.18,0.6,-0.47,1.12,-0.93,2.86,2.16,-0.65
194907,4.94,9.43,6.35,6.24,5.01,7.64,2.41,4.74,5.16,6,6.34
194908,3.97,2.31,1.5,5.49,3.27,0.56,0.98,3.68,1.5,0.19,2.61
194909,2.83,2.65,3.47,3.03,4.6,3.78,1.23,4.05,2.32,1.86,6.29
194910,1.53,7.34,3.96,3.71,4.73,4.14,1.88,1.31,0.66,3.38,4.23
194911,1.84,4.75,2.52,-2.77,4.82,3.12,1.67,3.28,2.1,4.81,3.04
194912,5.13,8.27,6.72,1.09,5.89,10.25,1.59,3.25,4.76,8.7,6.16
195001,1.37,1.87,2.61,-0.64,0.84,5.32,1.86,3.75,0.43,1.06,1.71
195002,0.53,3.49,2.43,-0.53,1.24,3.51,0.66,2.4,2.32,1.92,3.45
195003,-0.56,1.86,-0.79,4.85,3,3.56,4.57,0.56,-0.17,-2.9,0
195004,0.14,10.57,6.02,3.23,9.35,4.95,2.37,0.95,-0.36,5.52,-0.55
195005,2.07,6.44,4.66,8.8,7.36,0.59,1.97,1.83,3.16,3.96,4.73
195006,-5.69,-4.04,-6.42,-4.52,-6.77,-8.13,-4.28,-7.66,-4.42,-4.19,-7.63
195007,0.44,-2.71,5.76,8.81,-3.52,-2.96,-1.33,-5.23,-0.96,-6.94,-5.99
195008,3.94,9.23,5.26,4.32,8.12,5,2.56,3.39,4.38,3.68,4.39
195009,4.88,8.79,5,3.53,3.86,4.77,-0.46,4.51,8.46,6.15,8.51
195010,-0.37,0.61,1.02,0.29,-0.71,-1.19,0.21,-0.74,0.84,-1.76,-1.07
195011,0.02,-2.61,5.52,5.28,7.08,1.08,-0.24,-1.18,1.11,4.68,2.75
195012,2.83,1.5,6.94,8.68,5.84,4.46,1.89,3.59,2.76,6.06,4.47
195101,4.62,9.22,6.75,6.3,4.57,9.44,1.88,5.04,3.62,3.1,2.2
195102,0.96,2.8,0.41,0.96,2.5,1.04,4.11,3.11,3.12,1.46,2.25
195103,-2.77,1.18,-3.72,-2.38,-1.92,-0.66,-1.1,-1.39,-2.1,1.7,0.49
195104,0.95,3.42,6.17,10.81,7.7,3.13,0.85,0.22,0.39,10.41,3.81
195105,-1.27,-5.32,-3.25,-3.01,-0.53,-2.63,-0.41,-0.05,-1.32,1.57,-1.55
195106,-3.58,-6.83,-5.33,1.09,-1.44,-1.51,-0.18,-0.41,-2.71,0.83,-0.15
195107,3.13,3.1,8.54,11.37,8.2,5.94,2.8,5.3,2.91,14.42,5.91
195108,3.51,7,6.61,5.74,2.27,6.25,2.64,2.13,2.69,-1.38,4.12
195109,-0.41,2.66,1.56,-0.76,-1.21,2.58,-0.04,1.33,3.2,-1.84,1.26
195110,-3.12,-2.04,-2.38,1.17,-7.22,-5.23,-1.08,0.71,-3.09,-5.94,-2.01
195111,-0.06,2.01,1.1,-0.79,-0.1,1.16,0.49,1.66,1.45,-0.5,3.29
195112,1.91,2.48,2.42,4.72,7.93,5.39,0.87,3.27,-0.24,5.11,6.17
195201,0.52,-1.17,1.46,6.6,-3.08,-1.96,0.17,3.08,-0.49,0.73,2.74
195202,-2.01,0.46,-4.12,-3.39,-3.17,-3.82,-0.63,0.69,-3.66,-4.22,-0.26
195203,1.71,8.33,2.62,8.72,3.27,5.82,1.26,2.23,2.52,0.37,3.93
195204,-3.32,-3,-6.13,-7.65,-7.14,-3.53,-0.74,-1.8,-1.77,-5.46,-1.53
195205,2.14,4.01,2.95,3.51,6.16,3.27,1.03,2.99,2.64,2.53,2.65
195206,2.87,5.24,4.52,5.45,3.78,6.31,2.06,1.1,2.93,-0.97,2.67
195207,0.65,2.53,2.8,-1.02,1.43,1.34,0.24,2.17,1.94,-4.39,2.54
195208,0.96,2.04,-1.69,-2.66,-1.55,-0.26,0.88,1.91,-0.3,-0.55,-1.17
195209,-2.81,-0.78,-2.28,-4.3,-1.69,1.07,-0.34,0.36,-0.76,-4.1,0.28
195210,-1.23,1.2,-1.53,0.38,-1.85,-0.49,0.92,0.47,-1.1,-1.47,-3.29
195211,5.91,6.52,7.92,2.07,9.76,9.26,4.07,5.18,4.54,7.25,7.8
195212,1.47,7.01,3.34,4.55,1.59,2.94,0.88,1.8,1.29,-1.96,4.07
195301,2.01,-0.36,0.93,-2.99,0.21,-2.41,1.02,0.94,0.83,-5.12,0
195302,1.69,-1.17,0.14,0.33,-2.53,0.28,-0.43,0.41,-0.15,2.09,-0.23
195303,-1.64,-4.38,-2.62,-0.56,0.08,-0.97,-0.43,0.16,-0.48,-0.16,0.77
195304,-0.24,-1.97,-2.13,-5.18,-3.3,-1.11,-1.04,-3.21,-0.8,-5.35,-4.54
195305,0.22,-0.02,0.27,1.84,0.02,1.49,0.36,0.04,1.51,-0.03,0.6
195306,-0.86,-3.33,-2.76,-0.08,-1.51,-2.26,0.5,-3.06,-2.2,-3.29,-2.93
195307,2.64,0.72,2.34,3.93,2.98,2.25,0.94,3.36,1.97,3.66,1.3
195308,-3.42,-6.36,-5.97,-6.37,-2.82,-5.04,-0.84,-0.37,-2.34,0.05,-2.93
195309,0.16,-0.82,0.99,-1.92,1.55,3.19,1.78,1.61,0.1,0.43,0.5
195310,0.72,7.74,7.04,5.64,4.68,6.99,1.38,4.51,0.86,2.66,4.53
195311,0.56,0.49,3.69,1.99,4.68,5.42,2.26,3,3.34,7.98,4.1
195312,-0.5,-1.21,0.57,0.44,0.78,0.39,0.54,0.59,1.25,-1.34,0.26
195401,4.17,5.28,6.91,8.64,1.22,6.89,1.89,3.3,3.32,5.65,4.14
195402,-0.23,1.71,1.76,2.8,-0.03,5.52,2.57,1.57,0.44,-0.18,1.56
195403,1.41,3.51,5.08,4.28,4.62,9,1.72,3,0.38,0.28,4.91
195404,0.9,4.09,5.21,6.15,6.51,9.56,1.98,1.21,1.54,1.2,5.35
195405,2.48,4.48,4.83,2.97,3.86,-1.06,1.24,2.69,2.84,1.61,1.45
195406,0.76,1.19,3.27,-5.87,3.95,10.44,0.54,1.34,2.5,-2.43,2.68
195407,6.37,9.85,6.9,4.23,2.16,0.17,4.36,5.41,4.21,8.21,7.48
195408,-2.71,-3.36,-4.19,0.52,-2.95,-4.52,-1.43,-1.72,-0.21,-2.57,-0.32
195409,3.83,14.47,6.17,10.01,7.08,7.75,2.49,2.01,4.84,2.82,3.22
195410,-2.25,-0.77,0.65,-1.98,-4.18,-1.37,-0.85,-3.8,-2.53,-1.62,-1.41
195411,6.23,4.45,13.74,8.04,14.16,12.46,3.43,5.69,8.4,12.55,10.67
195412,4.33,7.27,8.15,6.47,3.69,2.76,1.58,3.58,2.26,6.13,6.04
195501,0.27,0.54,1.47,0.41,-2.77,4.55,0.8,1.44,1.73,-2.88,0.17
195502,1.57,-1.03,3.96,2.42,4.5,5.25,3.99,3.64,1.31,2.85,2.01
195503,-0.85,0.05,1.25,-0.23,-1.18,-1.83,-0.19,-0.71,-1.4,6.1,1.11
195504,3.98,5.67,2.78,0.58,7.59,4.82,1.97,2.55,1.83,0.01,-1.43
195505,-0.24,-1.13,1.86,-0.62,4.94,-0.05,1.29,-0.13,3.02,3.14,2.34
195506,2.6,10.1,7.88,11.2,11.73,5.04,0.69,1.66,4.42,0.17,3.87
195507,1.95,18.82,-1.19,2.76,-1.77,-3.1,2.61,3.68,2.03,0.14,-0.77
195508,-0.69,-4.27,3.54,-1.1,2.34,-0.2,-2.44,0.07,1.64,0.15,0.8
195509,-1.68,8.75,0.62,-0.38,-2.61,-4.85,1.06,-2.63,3.41,-3.2,-3.91
195510,-0.81,-4.87,-3.57,-0.99,-2.36,-5.88,-1.15,-1.02,-2.51,0.81,-1.07
195511,3.6,9.06,8.36,8.58,7.27,11.59,1.63,3.39,6,6.26,3.82
195512,1.2,-4.09,3.37,3.7,2.27,6.03,0.86,-0.12,-0.75,6.22,2.09
195601,-1.62,-6.59,-4.76,0.54,-4.58,-5.45,1.86,-0.33,-4.41,-6.5,-3.58
195602,1.18,5.73,5.34,4.27,4.16,5.91,0.16,1.92,2.81,8.25,3.57
195603,1.74,4.1,9.19,11.44,5.61,10.89,1.43,3.77,0.43,7.24,5.66
195604,0.81,-5.12,2.38,3.62,-0.72,-1.29,-0.88,-2.18,-1.82,2.74,-0.02
195605,-3.23,-4.45,-6.42,-6.37,-5.94,-5.33,-1.06,-0.74,-4.55,-1.24,-5.3
195606,0.66,6.61,5.39,2.74,3.87,6.85,1.28,2.33,2.2,3.58,1.49
195607,1.98,4.58,7.99,6,2.8,5.22,2.69,5.23,4.8,3.1,2.56
195608,-1.37,0.61,-3.1,-5.27,-3.38,-3.7,-1.36,-2.48,-2.69,-3.07,-2.66
195609,-3.23,-0.91,-5.95,-5.81,-6.65,-6.83,-2.87,-3.86,-4.57,-3.69,-4.61
195610,0.4,-1.35,1.24,0.54,0.6,3.28,-1.39,1.14,1.48,0.58,0.53
195611,-0.42,-3.53,0.33,5.31,-3.32,0.4,1.52,0.42,-2.17,-1.31,1.63
195612,1.26,0.86,4.42,4.14,5.42,4.91,2.55,1.82,-0.6,6.05,1.33
195701,1.77,-4.86,-5.47,-4.12,-5.68,-6.61,2.9,2.65,-1.29,-2.26,1.46
195702,-1.41,-1.65,-3.26,-2.27,-1.97,0.03,0.32,-0.3,-0.91,-0.35,-0.5
195703,1.6,0.44,1.6,3.17,2.82,5.15,1.52,1.7,2.1,8.21,3.59
195704,1.39,7.35,3.13,6.94,5.16,8.09,0.45,3.18,0.25,5.43,5.46
195705,1.39,0.64,3.84,7.61,3.25,5.51,1.03,2.26,2.7,4.78,2.82
195706,-0.65,-0.23,0.7,-1.74,-0.06,4.86,-2.09,-5.09,-2.1,6.45,-4.19
195707,0.93,3.29,-0.19,0.99,1.89,1.28,-0.24,0,2.88,2.98,-0.58
195708,-1.99,-2.74,-6.33,-5.74,-6.31,-6.93,-0.12,-2.58,-2.71,-2.26,-3.14
195709,-1.15,-7.15,-7.3,-7.97,-6.19,-6.17,-2.22,-1.73,0.42,-3.71,-3.91
195710,-2.13,-4.33,-4.93,-5.8,-3.36,-2.66,-2.1,-0.7,-3.93,-0.45,-5.52
195711,3.36,-5.71,2.51,2.43,4.94,7.06,1.49,4.37,1.73,7.77,4.41
195712,0.44,-8.27,-5.37,-7,-2.61,-3.86,1.26,2.56,-1.72,-0.38,-0.67
195801,7.45,5.51,6.65,1.58,3.15,3.98,4.26,6.25,7.49,-0.05,8.6
195802,2.04,-1.39,-1.23,-4.58,-3.19,-1.88,0.66,1.27,1.41,4.92,1.33
195803,4.2,2.65,2.38,7.91,0.04,2.56,1.17,1.97,4.09,7.53,3.29
195804,3.55,4.28,1.69,5.15,0.98,-0.49,2.7,5.1,2.99,7.52,2.12
195805,2.72,4.68,4.19,0.37,1.39,2.02,2.11,1.41,3.62,1.07,2.17
195806,2.65,2.64,2.19,4.95,3.1,3.19,1.66,2.19,2.14,3.23,2.94
195807,1.63,9.38,8.54,0.69,8.04,3.49,0.9,1.13,1.87,5.97,2.02
195808,2.93,-0.29,2.56,1.92,2.12,2.02,2.4,-1,5.71,1.98,4.6
195809,4.26,10.29,5.4,3.28,3.02,6.1,5.05,3.47,4.01,11.72,-0.36
195810,2.51,1.84,3.78,1.33,1.51,4.71,1.45,4.28,1.22,1.05,3.68
195811,4.09,2.03,2.96,1.92,3.42,3.8,2.13,2.95,5.9,8.03,2.33
195812,2.66,3.08,5.14,1.25,5.37,14.31,13.3,5.94,5.71,4.61,4.25
195901,3.81,-0.18,1.15,0.51,-0.13,-2.42,3.91,1.25,3.49,-0.62,-2.61
195902,3,-1.4,3.14,-7.39,5.11,4.79,4.84,1.26,2.66,3.86,2.36
195903,0.3,-0.75,-1.14,2.14,1.81,2.56,-0.42,1.63,-1.66,4.26,-2.94
195904,3.01,9.77,3.74,1.72,6.38,7.3,4.63,-1.13,1.53,11.92,1.53
195905,1.34,6.24,2.75,-0.95,5.58,6.22,-1.04,-1.1,2.71,-1.07,0.74
195906,1.67,0.48,2.87,-2.72,-1.54,-1.67,-1.06,-2.23,2.26,6.59,2.59
195907,3.7,8.09,2.81,4.96,6.14,-0.64,0.6,3.84,2,4.74,1.27
195908,-0.39,3.23,-1.51,-3.13,-2.83,-2.41,0.61,1.33,0.78,-3.52,-1.37
195909,-3.22,-4.29,-4.82,-6.9,-5.18,-4.16,-0.96,-4.33,-2.08,-4.96,-4.67
195910,3.79,-1.1,1.89,1.17,1.67,4.14,1.3,0.88,0.82,2.38,0.64
195911,1.24,0.12,2.81,-0.41,2.41,8.63,-1.23,0.4,2.43,5.62,1.37
195912,1.23,5.9,1.6,4.23,3.19,3.81,4.31,2.13,2.63,-1.63,0.49
196001,-3.35,-11.36,-8,-7.49,-9.58,-9.66,0.95,-2.07,-5.7,-6.35,-4.35
196002,2.93,-2.07,1.24,-3.43,0.52,4.43,8.36,2.77,4.06,0.27,-0.69
196003,-1.41,-5.26,-3.56,-0.8,-2.15,1.03,0.14,1.77,0.16,1.61,0.4
196004,1.54,-2.09,-2.55,-4.26,-4.78,0.56,-1.05,1.37,-0.21,1.68,-0.45
196005,6.52,-0.51,4.42,-3.46,4.18,9.14,3.32,1.52,3.29,13.77,-0.18
196006,4.32,0.69,1.92,3.52,1.49,1.06,-0.34,5.79,3.78,-0.16,3.96
196007,-0.95,-0.5,-3.19,0.7,-5.93,-4.49,0.1,-1.23,-3,-3.86,0.22
196008,4.52,3.2,1.86,4.1,1.75,0.68,7.11,4.46,3.14,2.46,3.64
196009,-3.41,-5.3,-7.41,-1,-6.89,-8.42,-5.91,-4.55,-8.39,-8.71,-5.62
196010,1.65,-0.98,-1.94,2.43,-0.31,-2.33,0.14,-0.32,0.22,-3.49,-0.18
196011,8.68,-0.7,5.04,3.4,5.11,6.78,4.19,3.79,6.93,4.04,7.84
196012,4.47,-0.22,3.97,5.3,2.84,3.82,12.45,6.42,2.26,6.22,5.72
196101,5.44,8.57,6.29,9.76,6.38,3.11,7.89,4.86,2.9,6.05,7.31
196102,6.65,4.43,5.71,0.73,2.73,3.14,0.75,3.68,4.95,5.19,7.14
196103,4.82,3.91,1.47,1.42,1.9,3.01,7.43,1.75,5.85,3.8,4.54
196104,-1.36,-1.04,-1.32,4.76,-0.69,0.14,0.8,1.87,0.58,-0.3,1.55
196105,3.67,1.65,3.91,0.15,4.74,3.81,-1.04,2.5,4.09,2.28,4.18
196106,-1.42,-1.88,-4.33,-4.02,-0.23,-3.16,-3.99,-1.82,0.53,-3.38,-2.68
196107,2.84,6.99,1.83,2.27,3.01,2.44,6.43,2.88,2.45,3.45,3.53
196108,5.13,2.03,1.73,0.2,3.89,4.88,0.26,3.8,3.26,3.84,8.79
196109,0.03,5.54,-4.61,-6.43,-4.02,0.82,-2.77,1.4,0.4,-1.31,-0.23
196110,3.37,0.35,0.3,6.62,-0.2,2.9,0.19,5.3,9.02,3.52,2.21
196111,5.49,9.84,2.92,5.54,2.84,3.13,8.49,3.41,5.11,3.27,7.37
196112,-3.16,2.12,0.59,3.79,-0.55,-0.94,3.33,-4.21,-0.31,-2.02,-4.25
196201,-6.17,-0.96,-3.01,0.09,-5.32,-4.59,-6.08,-2.58,-8.63,-4.62,-4.75
196202,0.23,-1.52,0.82,5.35,2.81,-0.4,4.09,2.62,1.63,3.76,3.79
196203,-1.1,-1.17,0.15,-1.66,-1.41,0.06,-2.94,1.98,0.91,0.54,-1.93
196204,-6.74,-4.35,-8.35,-3.62,-6.13,-12.39,-4.71,-2.79,-4.42,-11.01,-7.47
196205,-11.25,-5.1,-8.62,-4.98,-8.36,-10.74,-7.11,-10.46,-9.08,-10.9,-9.78
196206,-8.8,-6.57,-9.75,-4.86,-9.22,-11.8,-8.52,-5.1,-10.26,-12.59,-10.81
196207,5.22,8.67,4.79,4.9,7.54,11.43,7.23,7.45,4.36,7.78,8.39
196208,0.89,3.78,1.91,1.84,3.92,3.04,1.58,3.17,4.3,-7.92,3.8
196209,-5.63,-2.87,-7.14,-1.78,-3.12,-9.39,-6.05,-2.84,-6.58,-4.05,-5.65
196210,-3.28,2.32,-0.2,-0.29,4.36,-0.01,2.77,-1.09,-1.33,2.47,-0.68
196211,12.09,7.15,13.84,10.71,11.99,14.81,7.16,7.6,11.18,17.59,14.14
196212,1.43,2.9,-1.73,4.69,0.98,-0.7,1.08,3.44,0.06,0.89,1.61
196301,5.94,6.38,6.17,2.69,4.52,6.12,4.13,5.26,4.09,5.65,3.63
196302,-3.04,-3.02,-1.76,-1.31,-3.75,-5.81,-1.09,-1.47,-0.66,-2.58,-0.35
196303,2.57,7.44,2.29,6.97,3.71,2.94,1.94,1.79,2.02,1.18,2.3
196304,2.38,5.67,4.47,6.05,4.53,7.35,3.73,2.4,5.45,7.62,3.65
196305,1.9,7.86,2.89,-0.11,0.97,4.22,-0.64,1.03,2.59,-0.25,0.42
196306,-1.38,-2.79,-2.64,1.21,-2.83,-4.97,-1.94,-1.12,-1.36,-1.09,-0.99
196307,-0.49,-0.22,-1.53,2.29,-1.14,-0.67,-0.23,0.8,-1.03,0.56,-0.61
196308,4.89,6.55,6.79,3.93,4.98,5.12,4.29,4.2,6.43,9.56,4.28
196309,-1.69,-0.24,-0.8,-3.64,-0.84,0.36,2.36,-2.5,0.97,-4.06,-3.25
196310,2.65,9.72,2.51,-0.32,2.78,8.35,3.4,-0.67,0.52,3.38,0.68
196311,-1.13,-4.84,-0.41,-1.15,1.82,-0.31,4.16,-1.02,-1.23,-1.65,-2.29
196312,2.81,0.27,0.94,4.65,4.03,2.99,-0.14,2.42,0.34,1.54,1.61
196401,0.79,1.19,2.46,4.84,3.11,2.98,3.35,1.4,2.51,3.68,-1.14
196402,1.87,2.14,3.16,1.06,1.98,1.91,-0.28,0.87,1.62,1.66,3.76
196403,3.08,0.93,4.22,1.4,2.61,3.41,-0.94,-0.75,2.43,-1.94,0.7
196404,-0.48,1.93,-1.79,4.02,-1.48,-3.78,0.81,1.06,2.86,-1.42,-0.97
196405,1.56,1.12,1.59,2.14,2.09,2.83,-0.4,0.84,3.89,0.53,0
196406,1.61,0.67,1.44,0.65,-0.15,0.5,4.76,2.2,3.82,0.59,-1.18
196407,1.8,5.28,0.98,3.34,2.15,-1.93,-1.99,4.91,1.23,4.76,1.89
196408,-0.26,1.33,-0.83,-1.86,-2.08,-2.83,-1.53,-0.01,0.34,-4.22,-2.14
196409,1.7,5.04,4.87,3.08,4.53,1.11,-1.02,1.87,3.48,2.73,2.5
196410,-0.19,0.25,-0.01,3.06,0.95,-1.02,-0.89,0.95,2.32,2.88,-0.64
196411,0.7,-1.38,-1.47,2.55,1.47,-0.29,-2.23,1.37,3.27,2.17,-0.89
196412,0.21,1.67,-1.55,-0.24,0.64,0,3.1,0.5,0.18,4.38,-1.2
196501,6.1,3.76,5.7,0.51,5.12,7.59,0.27,3.96,3.06,7.66,2.72
196502,1.62,-0.69,3.31,-3.36,0.92,2.23,0.79,0.43,1.37,2.42,1.25
196503,-0.77,1.39,-0.21,-3.03,-2.96,-0.61,-1.68,-0.52,-0.85,-0.92,-0.33
196504,4.21,7.04,4.99,0.86,1.99,5.22,2.3,0.65,6.82,2.98,2.56
196505,-0.77,-3.53,-0.77,0.86,0.07,0.41,2.79,-0.97,0.18,-1.24,-2.35
196506,-5.13,-6.83,-6.4,-1.98,-5.81,-5.71,-4.14,-3.66,-6.19,-5.31,-4.91
196507,1.61,2.3,2.85,1.81,0.26,3.72,-0.38,1.06,-1.41,3.95,1.13
196508,4.11,3.21,4.54,1.56,1.58,5.97,1.33,0.92,2.28,6.29,4.54
196509,0.48,6.97,4.16,4.37,3.32,5.29,1.09,1.39,-0.68,2.24,-0.1
196510,2.66,6.34,5.22,1.84,2.78,5.11,-2.29,1.05,0.26,3.23,1.15
196511,1.12,-4.03,2.58,0.71,-1.5,2.81,-4.32,-1,1.36,3.8,1.04
196512,1.24,1.23,3.67,0.17,2.25,-1.68,-0.86,-0.31,1.33,3.83,1.96
196601,1.92,0.49,4.09,1.04,-0.12,1.29,-1.3,-3.02,-4.37,2.74,0.56
196602,-0.47,-1.5,-0.28,-3.47,-1.96,5.21,0.48,-4.17,-1.87,-1.55,-2.09
196603,-2.68,-3.06,-1.2,-2.23,-3.47,-0.78,-4.84,-0.14,-2.14,-1.6,-4.07
196604,0.43,0.11,3.84,3.13,0.07,7.62,1.26,1.19,3.07,-0.02,1.3
196605,-4.91,-8.11,-6.27,-3.74,-3.84,-6,-2.98,-2.73,-2.86,-5.26,-3.9
196606,-1.82,-2.11,-0.2,-2.28,-3.2,-0.03,0.49,-1.78,-2.37,0.99,-2.09
196607,-1.21,-2.44,-1.84,0.4,-0.54,-1.79,-1.17,-0.18,-1.97,-1.72,-2.05
196608,-7.11,-7.47,-8.12,-6.36,-7.37,-5.92,-4.6,-8.59,-6.41,-8.07,-8.78
196609,-1.48,-1.04,-2.86,3.94,-5.57,-1.94,-0.57,4.36,-1.96,-1.13,-0.07
196610,4.5,0.57,2.59,8.47,2.25,0.28,9.19,9.94,-1.43,4.87,10.32
196611,2.33,-3.51,3.6,-1.14,0.02,11.11,-2.84,-1.36,0.73,6.89,3.03
196612,0.22,-2.61,1.56,-0.66,0.91,0.32,2.98,2.1,-4.09,-0.17,3.45
196701,9.42,12.19,11.49,3.59,10.37,10.13,6.23,2.84,11.81,6.41,9.02
196702,2,-1.01,1.51,-0.07,0.2,6.27,2.15,-1.72,3.2,1.42,0.18
196703,4.45,4.27,5.97,3.61,5.26,5.32,2.94,1.53,2.39,7.83,1.29
196704,4.59,10.83,3.27,1.67,5.27,7.65,0.19,1.88,9.18,4.46,0.47
196705,-2.63,-7.28,-3.33,-2.42,-4.62,-4.41,-5.67,-4.11,-4.66,-5.29,-2.38
196706,2.65,1.52,2.63,2.28,0.6,6.29,2.72,-1.31,3.83,5.38,3.76
196707,6.03,10.71,4.98,6.92,5.28,3.98,-6.62,2.33,5.99,3.79,6.96
196708,-0.84,0.08,-0.63,-1.46,-0.07,-0.99,-1.25,-0.65,0.49,0.66,2.11
196709,3.13,4.98,2.66,4.21,4.46,8.38,1.2,-0.09,2.27,2.89,3.18
196710,-2.66,-4.88,-4.46,-0.99,-4.62,5.08,-3.49,-5.36,0.67,-5.01,-4
196711,0.56,-0.69,1.44,0.78,-1.64,1.37,0.09,3.17,0.81,1.33,-1.37
196712,3.2,0.88,4.7,3.09,6.81,2.16,0.13,3.28,3.44,1.62,7.32
196801,-0.58,-5.16,-6.24,-0.89,-6.98,-8.81,2.69,0.2,1.12,-6.57,2.89
196802,-2.67,-2.31,-4.62,-2.65,-3.33,-4.5,-2.4,-1.48,-0.78,-4.24,-2.85
196803,0.74,0.52,0.8,0.76,0.64,4.26,-1.12,-3.93,2.89,0.1,0.85
196804,11.09,12.01,11.39,5.68,8.49,12.34,2.22,2.49,12.34,11.9,11.37
196805,5.02,-0.37,4.28,1.26,-0.41,3.87,-0.74,0.45,3.5,3.34,6.61
196806,1.19,-1.65,-0.6,1.81,0.72,-2.01,4.15,8.44,0.41,2.25,7.76
196807,-3.9,-2.85,-4.9,5.28,-2.31,-5.57,-0.19,0.17,-5.07,-4.1,0.79
196808,2.81,1.16,3.76,1.28,1.77,0.46,1.26,-0.87,2.25,0.68,5.61
196809,4.86,6.87,4.33,3.53,5.09,2.94,2.95,0.27,7.88,0.85,9.11
196810,0.87,4.7,0.51,2.55,2.36,-5.07,3.17,0.49,0.74,-0.05,3.09
196811,4.66,-0.42,5.93,5.56,5.37,8.68,5.39,8.79,5.09,8.1,6.53
196812,-1.04,-4.42,-3.27,-2.56,-4.21,-5.46,-6.64,-2.88,-4.1,-1.03,-6.11
196901,-1.2,-1.87,-0.13,-1.12,-1.07,-4.74,1.2,2.41,-1.04,-0.23,-0.04
196902,-6.59,-3.37,-6.19,-4.6,-4.69,-3.55,-3.32,-5.2,-4.09,-5.14,-8.66
196903,0.76,5,2.96,7.09,1.17,5.48,-0.42,-1.29,5.14,3.34,3.49
196904,1.03,1.3,1.49,-0.35,0.61,4.01,7.73,1.34,3.71,4.98,2.97
196905,1.19,-0.02,-1.38,3.69,0.94,-1.78,1.06,0.02,0.57,1.66,-1.18
196906,-7.33,-5.97,-6.96,-9.92,-6.35,-0.01,-3.98,-5.74,-5.4,-5.03,-10.22
196907,-6.93,-7,-6.36,-9.63,-3.14,-5.38,-4.49,-2.98,-8.53,-2.73,-8.7
196908,5,3,4.06,6.58,4.38,7.02,1.66,-1.29,8.17,9.2,10.55
196909,0.26,-0.39,-1.48,-9.63,-4.07,0.25,-4,-4.14,-0.62,2.17,-0.74
196910,8.35,3.87,6.63,-1.06,6.47,5.8,3.5,8.28,6.7,8.97,9.05
196911,-2.4,-4.43,-3.53,-4.51,-3.56,-1.83,1.18,-5.26,-4.25,0.34,-6.82
196912,-1.96,-3.43,-1.19,-3.01,-1.52,-0.76,-5.51,-0.65,-3.03,4.3,-2.29
197001,-4.3,-8.24,-7.7,-11.44,-5.48,-9.17,-2.56,-4.23,-5.91,-7.11,-9.18
197002,4.72,5.86,5.26,5.38,3.38,2.95,7.95,8.36,5.29,5.57,11.15
197003,-0.86,4.98,-0.55,-0.43,-0.38,-2.6,2.29,2.91,-1.7,-5.1,-0.78
197004,-10.2,-8.77,-9.9,-9.15,-6.25,-14.45,-8.79,-8.06,-11.25,-10.12,-12.8
197005,-7.51,-6.23,-9.36,2.63,-2.99,-9.48,-3.74,-5.36,-9.63,-7.74,-8.35
197006,-1.57,-3.8,-5.51,-2.46,-2.45,-11.89,-8.48,-4.7,-4.01,-0.48,-4.62
197007,6.69,10.32,4.28,12.77,6.76,2.42,10.27,8.71,10.59,2.14,8.77
197008,1.5,8.29,4.76,6.53,3.93,8.05,2.5,4.67,5.22,1.8,5.02
197009,5.63,2.81,4.95,3.27,1.6,10.21,-0.93,-0.54,7.96,8.01,5.27
197010,0.65,-2.06,-3.66,2.97,-1.66,-3.54,-3.75,-0.8,-1.63,0.31,-7.29
197011,4.8,6.84,3.56,4.89,4.89,4.12,6.11,9.39,6.84,2.97,5.91
197012,7.45,6.27,8.03,2.28,8.07,4.36,6.85,7.13,5.35,5.34,9.58
197101,4.92,3.76,6.3,0.39,5.25,5.42,9.75,2.95,8.26,4.92,5.25
197102,3.79,2.24,1.07,4.73,1.61,2.82,-5.3,-2.58,3.68,1.31,1.85
197103,4.47,3.48,4.45,2.71,3.78,8.05,0.73,2.39,6.75,3.68,7.17
197104,2.21,8.56,4.44,4.34,4.34,2.39,0.82,-3.54,4.99,4.23,2.29
197105,-3.05,-4.35,-2.68,-4.68,-0.95,-6.15,-5.21,-3.69,-1.9,-2.13,-5.4
197106,-0.12,-0.52,-0.28,1.04,2.31,-2.14,1.05,4.29,0.44,2.05,-0.02
197107,-2.13,-5.28,-5.22,-2.15,-4.39,-8.72,-3.69,-2.15,-3.56,-2.17,-1.9
197108,3.13,10.53,6.62,-1.16,6.22,5.66,-0.24,-2.33,6.21,3.15,6.71
197109,-0.05,-0.05,-0.56,-1.67,0.61,-1.57,0.27,-1.49,0.68,0.66,-0.29
197110,-4.33,-5.06,-6.53,-4.3,-4.71,-4.34,-1.83,2.04,-3.39,-2.47,-2.3
197111,-0.38,0.17,-0.95,0.02,-0.91,1.84,0.43,-1.22,0.25,0.69,1.13
197112,10.52,6.21,11.14,8.83,7.3,11.21,7.55,8.12,10.29,7.79,5.93
197201,2.51,3.38,3.24,0.16,3.71,8.48,1.01,-0.32,0.26,2.63,0.84
197202,4.64,0.57,4.94,2.61,4.84,1.71,0.24,-2.5,5.59,7.12,0.04
197203,0.09,4.29,2.7,-5.45,2.12,1.03,-0.33,-0.14,2.03,0.46,5.13
197204,1.9,-0.59,1.81,-0.66,1.98,0.74,-1.06,-2.8,-0.6,1.1,2.56
197205,0.4,-1.2,1.89,3.62,2.66,3.73,1.24,-0.17,1.47,3.71,-1.87
197206,-1.11,-2.92,-1.75,-0.98,-3.43,-2.57,-2.64,-1.56,-3.95,2.54,-3.82
197207,-1.61,-2,0.2,-1.09,1.09,0.97,0.74,0.05,-2.47,3.1,-1.01
197208,-0.1,3.75,1.13,12.41,4.98,2.91,5.18,5.95,-0.4,1.05,6.02
197209,-2.6,-0.92,-0.79,-0.21,-2.19,-1.14,4.27,0.18,-0.56,-0.43,-0.19
197210,0.02,-2.35,0.58,3.12,2.22,-3.3,2.27,6.77,0.9,1.5,1.63
197211,6.87,8.1,4.33,6.19,3.93,2.51,7.04,6.39,5.96,-0.53,4.74
197212,0.53,1.74,0.14,1.05,2.53,2.02,1.45,-1.54,1.84,3.73,-0.8
197301,-4.71,-6.69,-4.08,5.02,-2.63,2.07,-2.12,-4.28,-4.28,-1.18,-7.48
197302,-4.36,-6.03,-2.62,-7.36,-1.1,-3.02,-4.64,-1.98,-6.44,-0.71,-6.14
197303,-1.04,-2.85,-0.6,3.12,-0.07,-1.19,0.53,-2.16,-5.71,0.78,-0.42
197304,-6.29,-5.1,-5.2,-1.03,-3.33,-6.53,0.86,-0.58,-8.38,-5.48,-8
197305,-2.12,-4.3,-0.96,-3.45,-1.82,-2.65,-0.84,0.36,-2.17,1.07,-3.25
197306,-3.48,-2.61,-0.29,1.61,-0.7,-0.13,-0.32,-2.47,-5.74,0.02,2.55
197307,7.5,7.2,6.62,0.34,6.5,4.88,-0.31,-2.39,11.02,6.87,9.08
197308,-3.33,-3.91,-0.58,-3.74,-4.04,-3.75,-3.93,-2.09,-4.23,-6.91,-2.23
197309,5.85,7.85,4.44,9.27,5.2,-3.17,7.67,7.9,7.44,0.79,7.35
197310,-2.33,-4.5,0.09,5.22,0.43,4.14,-5.54,-3.38,-3.51,1.83,-1.75
197311,-14.32,-16.19,-14.26,-6.17,-15.03,-11.42,-1.94,-11.61,-18.72,-7.77,-12.29
197312,-1.62,-3.77,1.36,8.6,0.24,-4.49,4.54,3.41,-0.4,-4.48,2.17
197401,2.37,6.28,0.42,-7.52,0.55,1.1,2.01,4.55,6.81,-2.52,0.32
197402,0.04,-0.99,0.05,-1.48,-0.43,-0.65,4.76,0.27,0.93,-1.23,0.6
197403,-1.84,0.03,-1.99,-3.33,1.78,-2.72,-4.59,-3.63,-3.32,1.21,-4.2
197404,-3.74,-3.94,-3.43,-6.3,0.11,-3.66,-5.31,-12.19,-1.97,-1.48,-6.85
197405,-2.84,0.52,-3.71,-7.48,1.27,-3.94,-1.52,-4.89,1.16,-0.12,-10.09
197406,-0.58,-2.71,-0.88,-0.27,0.92,-2.93,0.3,-6.17,-2.72,-1.62,-6.78
197407,-10.2,-11.74,-7.56,-0.65,-6.74,-8.44,-7.63,0.79,-12.89,-14.06,-7.18
197408,-10.26,-6.7,-9.64,-8.54,-11.54,-4.7,-0.04,-8.62,-13.04,-8.11,-11.78
197409,-12.13,-12.76,-13,-7.87,-11.56,-16.96,-3.81,-1.34,-12.02,-15.55,-7.08
197410,15.63,4.1,14.43,20.97,20.22,14.83,10.85,13,10.23,29.52,21.11
197411,-3.84,-4.67,-5.82,-4.18,-6.67,-5.06,-3.09,-0.15,-5.73,-1.2,-2.06
197412,-0.6,-3.86,-5.04,0.79,-3.29,-5.28,1.57,-0.83,-3.41,-3.37,-2.73
197501,18.85,21.31,16.29,6.51,10.92,15.18,11.1,18.84,25.86,-0.61,17.23
197502,4.1,4.58,8.06,2.28,8.24,13.28,5.16,0.92,5,16.04,0.22
197503,7.08,6.69,5.24,-2.2,4.66,1.01,-0.85,-1.34,10.48,1.28,2.48
197504,3.11,4,8.37,7.26,11.62,5.58,-0.95,-1.58,2.59,0.72,1.39
197505,5.18,2.62,2.75,12.35,2.17,6.02,3.52,8.45,4.23,6.48,6.39
197506,5.39,10.2,3.88,6.24,3.4,2,4.07,10.77,7.52,0.91,6.32
197507,-5.38,-2.06,-5.99,-4.18,-5.58,-9.44,-4.22,-4.78,-7.45,-12.03,-7.33
197508,-3.14,-3.43,-1.03,-0.94,-0.72,-2.86,-3.59,-1.3,-0.25,-3.34,-6.13
197509,-2.51,-2.56,-4.93,-1.15,-7.09,-0.8,-1.25,-0.97,-3.5,-6.54,-7.5
197510,10.56,8.87,4.76,-1.39,7.5,8.48,6.82,6.51,9.8,10.68,5.01
197511,4.07,3.4,3.31,-1.63,2.98,5.02,4.26,3.12,4.42,5.12,4.86
197512,-1.51,-0.39,-1.18,0.06,-1.92,-1.2,-0.1,1.33,-3.03,-6.36,-0.43
197601,11.02,15.59,17.23,8.36,16.05,18.2,9.5,8.37,9.06,7.78,12.21
197602,-1.06,3.89,2.69,-3.15,0.29,1.12,3.56,-3.53,4.54,-6.52,1.9
197603,0.73,3.63,1.77,7.27,-1.46,3.09,0.59,1.42,3.46,6.52,3.25
197604,-1.7,1.89,-1.8,2.12,-0.49,-3.46,1.72,0.65,-4.65,-4.31,-2.6
197605,-2.17,-3.18,-0.8,5.49,-2.15,0.53,-2.95,-1.38,-5.65,-2.81,-2.17
197606,3.65,4.26,4.85,5.07,2.08,8.23,3.58,4.27,1.38,3.66,6.47
197607,1.5,-1.07,-2.05,-0.66,-1.45,-2.23,1.24,2.82,-2.22,-0.38,1.18
197608,-0.31,-1.43,-1.2,-0.88,-2.36,-0.85,4.73,2.93,2.98,2.17,-0.14
197609,1.54,4.52,1.13,5.98,0.46,2.89,1.61,4.1,0.37,3.62,0.54
197610,-1.6,-1.18,-4.08,-2.41,-2.41,-4.46,1.27,-0.84,-0.91,-3.75,0.62
197611,1.74,-0.75,0.95,0.86,-3.71,1.61,3.15,3.16,4.9,-9.69,1.7
197612,5.23,9.7,5.4,6.27,7.76,3.73,3.46,6.53,2.32,6.26,8.91
197701,-4.07,-4.14,-5.49,0.25,-6.51,-3.94,0.1,0.8,-6.99,-8.82,-4.57
197702,-1.39,-3.49,-0.61,-2.95,-0.94,-0.68,0.97,-3.4,-1.87,-0.21,-1.62
197703,-1.4,-3.37,0.19,-2.08,-0.85,-0.1,-1.03,0.15,-2.71,-1.79,-0.52
197704,0.53,3.19,1.12,2.57,-0.62,-3.6,0.67,1.95,-3.43,-5.2,2.33
197705,-0.94,-0.5,-2.44,-0.4,-3.33,-1.45,1.43,1.67,-2.76,-1.88,-0.6
197706,4.52,4.32,3.73,6.06,2.61,7.83,1.96,5.72,6.02,9.04,5.99
197707,1.2,-2.43,-4.01,-1.84,-2.34,-0.07,-0.86,0.87,-0.19,-2.24,0.44
197708,0.11,-0.87,-1.27,-5.72,-0.86,0.59,-2.26,-3.25,4.64,3.79,-1.18
197709,0.25,1.6,-1.22,0.78,-0.3,-1.85,3.47,2.01,-0.64,-0.84,-0.03
197710,-3.34,-4.46,-4.69,-3.58,-3.61,-3.2,-5.06,-3.14,-3.08,-1.68,-4.85
197711,4.62,1.95,4.45,3.45,3.56,5.23,2.21,4.3,5.45,6.02,5.86
197712,-0.02,-0.65,0.91,1.85,0.84,2.35,2.16,-0.32,-1.33,0.59,-0.09
197801,-5.29,-6.86,-5.7,-6.9,-6.56,-4.65,-4.16,-4.57,-6.85,-1.86,-6.04
197802,0.13,0.41,-1.8,-1.1,-3.98,-3.5,4.12,-0.4,-0.43,-3,0.06
197803,4.15,6.11,4.28,2.03,2.73,-0.77,2.63,2.48,2.77,4.16,5.13
197804,6.89,9.68,11.49,6.76,11.22,13.36,2.96,0.23,10.89,9.2,9.99
197805,4.24,0.13,5.49,0.81,1.27,1.59,-0.39,0.71,1.26,5.25,1.33
197806,-0.27,-2.86,-1.45,-3.73,-1.62,-0.41,-1.53,0.82,-1.95,1.1,-0.49
197807,3.56,4.63,8.57,3.44,5.16,8.69,1.43,2.82,5.07,8.87,5.16
197808,4.13,2.88,3.92,5.13,3.76,6.08,3.57,0.47,5.56,1,5.62
197809,-0.37,-0.45,-2.29,4.76,-1.43,-4.24,1.21,-0.26,-2.59,-2.75,-0.87
197810,-11.58,-11.18,-12.35,-10.61,-8.97,-10.74,-4.53,-7.08,-14.05,-12.84,-11.4
197811,2.2,0.78,3.52,6.21,1.75,5.14,3.01,3.01,2.58,5.18,1.76
197812,1.74,-0.56,1.76,2.95,0.84,6.54,0.1,-1.23,-0.61,3.42,1.44
197901,4.21,4.99,6.89,3.19,4.63,4.26,3.64,6.35,5.64,1.42,5.28
197902,-3.5,-3.54,-4.7,0.64,-3.81,-3.32,-0.63,-1.62,-4.33,-4.52,-3.36
197903,4.13,6.6,7.45,9.3,6.97,7.54,0.16,2.35,5.96,5.05,7.42
197904,0.22,2.99,-0.17,4.31,-0.89,0.36,-2.13,-2.72,0.69,0.42,1.44
197905,-1.77,-0.79,-2.05,-2.31,-2.93,-1.97,0.09,1.39,-2.55,-2.64,0.16
197906,3.28,2.99,3.89,9.2,2.39,0.41,1.95,4.99,2.95,4.83,8.67
197907,2.07,2.05,1.87,1.7,2.85,-1.72,-0.11,2.12,1.15,0.14,3.25
197908,7.55,4.71,7.34,7.96,7.79,6.01,1.57,2.05,8.81,8.54,5.07
197909,-1.91,0.43,-1.38,5.84,0.87,-1.74,-2.39,-2.14,-0.78,-0.54,-1.08
197910,-7.68,-9.43,-9.1,-2.39,-8.11,-7.75,-5.03,-5.8,-8.8,-4.34,-10.1
197911,5.16,-2.35,4.81,8.91,5.35,8.18,4.06,7.79,3.95,8.75,6.33
197912,3.37,3.38,4.55,2.68,3.96,1.69,-1.53,-0.92,2.98,2.08,1.7
198001,3.12,9.05,8.81,14.16,2.18,7.51,-2.05,1.6,0.92,-1.29,2.08
198002,-4.79,-6.31,-2.94,12.59,-1.84,-3.59,-1.48,-3.36,-4.82,-4.63,-4.99
198003,-8.16,-8.74,-12.32,-17.79,-9.99,-12.67,-2.64,-6.67,-8.52,-2.84,-8.85
198004,6.52,-1.91,2.4,6.85,5.58,0.56,7.3,11.96,3.43,4.28,6.83
198005,7.89,4.31,5.52,4.05,7.79,4.79,5.02,4.61,10.7,6.96,7.83
198006,2.99,2.78,2.93,5.81,1.05,3.07,-0.59,4.54,2.39,0.21,4.97
198007,7.76,11.75,11.4,1.67,9.36,15.42,1.02,-0.12,10.65,8.89,3.18
198008,1.45,1.46,1.69,3.79,1.94,3.64,6.31,-1.08,1.99,0.3,1.92
198009,0.2,0.97,3.96,6.8,0.84,1.9,-1.59,0.17,1.12,3.6,2.66
198010,0.28,-1.73,1.18,8,-1.47,1.76,-3.24,2.01,-1.57,-1.29,0.05
198011,0.92,4.77,9.03,24.56,7.27,9.87,0.01,7.51,2.96,8.81,5.6
198012,1.04,-1.16,-2.63,-10.88,-0.97,-1.01,0.82,-2.02,-1.45,4.61,3.21
198101,2,-2.2,-2.93,-10.36,0.31,-8.23,5.53,-2.72,0.43,-1.57,-2.51
198102,2.49,6.4,4.32,-0.47,4.72,0.34,2.15,-1.32,2.82,1.85,1.94
198103,6.93,7.07,7.2,-2.49,2.42,5.08,1.16,2.96,12.7,5.87,6.87
198104,1.16,1.81,-0.62,-7.45,-1.19,-0.03,6.21,-2.58,2.98,3,0.62
198105,2.64,2.89,0,-4.01,-1.08,4.31,7.14,1.95,2.73,3.47,2.77
198106,-0.2,-4.21,-2.58,4.75,1.69,-6.69,-1.91,3.45,-1.59,-5.58,1.72
198107,-0.65,-2.97,-2.48,7.86,-3.67,-3.62,0.37,2.8,-3.2,-3.89,-3.07
198108,-5.11,-7.84,-7.29,-6.4,-5.64,-7.25,-0.8,-0.84,-5.28,-7.75,-5.19
198109,-2.18,-2.97,-7.27,-12.3,-6.58,-3.64,2.81,-5.56,-3.75,-1.33,-2.48
198110,7.51,-4.14,3.01,10,5.81,5.08,6.03,4.87,6.87,7.95,7.48
198111,2.69,4.82,4.64,6.86,3.46,1.45,2.64,5.91,1,3.93,5.67
198112,-1.79,0.41,-1.11,-6.54,-2.42,-0.05,-1.43,-2.33,-2.17,-0.75,-3.87
198201,-0.9,1.21,-3.73,-8.58,-1.79,2.99,0.67,-0.69,0.19,1.45,-2.12
198202,-1.97,-1.94,-5.64,-10.94,-6.1,-5.12,-5.7,-0.43,-1.45,-1.8,-2.92
198203,2.47,3.64,-1.92,-3.61,-1.04,-3.69,2.05,1.63,4.25,-2.58,-1.03
198204,6.64,4.48,2.46,4.4,4.94,7.52,-0.17,3.83,5.45,7.34,3.28
198205,-3.21,-1.82,-4.88,2.47,-3.92,-5.35,-1.05,-0.5,-2.68,-3.05,-5.57
198206,1.7,2.7,-2.14,-6.47,-3.64,-2.32,-2.55,-2.24,2.95,-0.73,-2.53
198207,-0.47,-0.4,-2.21,-7.95,-2.63,1.72,1.17,-2.61,0.16,0.81,-3.03
198208,9.2,13.76,13.55,9.83,14.27,12.86,10.84,11.92,12.48,12.38,11.49
198209,5.33,-0.72,-1.34,1.95,-0.12,1.17,1.05,1.09,4.64,1.34,6
198210,10.58,16.56,13.34,5.61,12.05,17.05,8.18,4.9,16.94,8.34,15.16
198211,5.16,8.22,6.08,-4.39,4.84,10.71,6.02,0.11,11.02,5.24,6.52
198212,0.85,3.14,1.94,5.47,-1.81,2.71,-1.22,4.28,-2.15,0.54,-2.34
198301,-1.01,5.12,4.34,3.7,6.82,8.38,12.34,3.65,1.45,1.48,0.48
198302,3.77,3.56,4.33,-0.39,3.22,3.68,-0.29,1.45,8.06,2.78,5.51
198303,7.39,-1.07,1.95,5.99,2.6,0.67,0.71,0.3,8.56,4.61,6.89
198304,6.3,11.03,5.76,9.46,7.68,7.54,5.13,4.78,8.68,5.1,9.09
198305,-0.88,-2.14,2.63,1.3,1.27,2.65,-1.26,2.62,0.4,-2.7,0.65
198306,2.97,10.4,1.62,6.48,1.62,6.19,0.22,-0.41,6.12,6.87,0.25
198307,-2.6,-3.62,-2.75,-2.31,-1.83,-5.39,-5.17,1.05,-3.31,-5.59,-2.89
198308,0.63,-2.48,-0.98,7.19,4.72,-1.02,2.19,1.5,-4.83,-1.08,0.78
198309,4.59,4.44,3.16,-4.85,0.69,2.14,2.26,4.66,2.3,1.29,1.98
198310,-0.25,0.36,-2.39,-2.11,-2,-6.93,-5.22,3.07,-1.6,-2.16,-2.96
198311,2.27,4.12,7.7,-0.56,3.24,2.12,3.17,-1.56,4.42,-3.02,3.93
198312,-0.46,0.97,-0.15,1.9,-3.12,0.46,-1.52,-3.64,-4.78,-3.59,-0.73
198401,-0.75,-5.39,-3.35,9.98,-4.11,-6.22,4.06,1.49,-5.9,-0.6,-0.5
198402,-5.73,-6.08,-6.72,3.88,-6.39,-5.9,-3.7,-3.36,-4.47,-1.98,-4.56
198403,1.56,0.37,2.4,0.16,5.4,1.77,-4.21,-0.24,1.26,-0.69,2.09
198404,0.47,1.3,-0.41,4.07,1.02,-0.39,2.18,-0.39,0.25,2.28,-1.21
198405,-2.41,-5.56,-6.02,-5.07,-5.08,-5.4,-3.49,-0.83,-5.14,-6.48,-7.43
198406,6.31,1.99,3.85,-2.21,1.85,1.66,12.26,0.48,7.4,3.82,2.29
198407,-1.73,2.59,-1.36,-7.16,-1.93,-2.24,2.89,-0.03,0.11,-3.83,-0.63
198408,8.77,10,12.17,13.74,11.53,13.82,7.15,7.75,9.89,10.26,11.02
198409,1.27,-0.14,-2.55,2.11,-2.4,-3.94,4.04,4.81,0.02,-4.4,3.24
198410,1.43,2.16,0.8,-4.5,-0.12,-0.45,-3.52,3.32,-0.72,1.6,1.2
198411,0.3,-2.99,-1.61,-1,-0.82,-3.89,0.47,3.03,-2.82,-0.04,0.29
198412,2.45,4.59,2.51,-0.56,1.32,2.49,5.32,2.64,0.7,2.8,4.47
198501,5.02,9.81,9.56,6.51,5.79,12.5,5.25,2.39,13.25,8.28,8.85
198502,5.04,-1.59,1.1,3.81,1.94,-1.35,3.37,1.39,2.04,3.59,2.16
198503,4.69,-5.24,-3.34,1.56,-1.4,-5.95,4.46,6.11,-0.56,3,0.11
198504,-2.12,-3.45,-2.09,3.86,-0.1,-3.71,-0.71,1.62,0.11,-1.73,2.55
198505,7.9,5.94,5.75,0.65,6.94,2.82,8.35,5.51,9.61,9.59,6.26
198506,2.72,1.51,1.46,-0.79,1.92,-0.74,4.5,3.63,1.56,2.29,2.96
198507,-2.58,2.4,3.42,-0.34,3.4,4.57,-4.56,-4.7,-4.03,-0.4,-1.34
198508,0.76,-2.62,-1.25,1.4,-0.89,-2.62,0.53,1.92,-0.62,-0.8,-0.4
198509,-0.65,-3.26,-4.28,-1.31,-3.1,-4.71,-4.17,-5.31,-4.29,-3.89,-4.45
198510,3.58,0.87,1.82,6.16,6.81,3,4.07,6.3,6.81,3.19,7.65
198511,8.48,9.98,8.43,0.48,6.51,8.54,7.38,4.24,7.89,9.78,7.62
198512,5.42,7.18,4.15,-3.15,5.63,8.29,6.2,4.85,4.56,3.48,4.98
198601,1.84,2.19,2.09,-6.77,0.3,-0.34,-3.94,3.78,1.49,1.14,3.5
198602,10.81,10.92,9.69,0.76,11.23,4.94,7.39,6.55,7.69,6.08,8.61
198603,8.03,7.91,5.99,0.01,5.98,-0.24,3.81,3.95,8.64,12.05,5.86
198604,0.43,-3.55,-2.85,0.71,0.91,3.91,2.42,-3.89,0.17,0.72,-3.34
198605,8.85,3.18,3.73,7.31,6.09,0.84,4.81,3.62,9.9,7.24,5.03
198606,6.24,-1.26,-0.72,-2.34,1.41,-4.02,5.44,5.08,3.86,5.67,2
198607,-5.7,-9.04,-7.93,-5.34,-5.89,-8.24,-3.02,5.14,-9.52,-5.36,-5.42
198608,2.62,7.52,6.9,16.62,4.54,7.02,6.87,7.9,1.73,4.01,7.14
198609,-10.82,-8.18,-6.66,-0.95,-7,-7.08,-9.29,-9.09,-8.41,-12.57,-10.33
198610,8.86,6.49,5.55,2.03,8.52,0.52,4.66,5.24,7.45,7.93,3.52
198611,0.74,4.83,2.58,3.08,3.34,3.59,3.94,0.55,1.83,1.35,-0.89
198612,-3.19,-2.19,-1.52,-0.49,-2.62,-3.78,-3.73,-3.31,-6.27,-1.25,-2.34
198701,14.51,18.81,14.08,13.91,14.77,16.53,5.31,9.3,11.53,13.16,10.48
198702,5.62,3.47,4.67,-1.63,4.98,9.49,0.04,-2.15,9.87,11.28,3.95
198703,1.07,4.63,2.41,12.28,4.86,2.76,1.43,-1.66,1.75,0.15,-1.49
198704,-3.66,4.08,-1.93,0.11,-0.2,4.42,-2.42,-4.33,-2.84,-2.46,-4.95
198705,2.57,-1.41,0.37,3.04,0.84,0.26,3.33,-1.85,-0.11,1.23,-0.72
198706,6.82,2.98,4.99,5.72,5.2,-0.05,7.04,3.39,6.51,4.76,4.97
198707,5.68,6.96,8.54,3.32,4.43,0.91,6.01,-1.68,5.9,5.75,1.92
198708,3.73,5.68,2.54,1.74,2.98,7.56,5.1,3.71,3.32,2.2,5.83
198709,-2.75,-3.98,0.89,-3.81,-0.76,-2.85,2.99,-2.31,-6.34,-2.55,-2.29
198710,-21.03,-26.93,-28.58,-18.41,-24.59,-25.79,-12.35,-6.94,-28.23,-20.46,-21.12
198711,-8.02,-8.52,-4.41,-10.53,-6.68,-9.88,-8.92,-2.53,-8.48,-9.31,-7.18
198712,7.52,8.61,10.22,6.7,12.36,11.75,4.27,0.57,8.55,5.34,3.57
198801,3.02,4.48,0.79,8.61,-0.6,-2.47,9.76,9.76,5.63,6.37,8.92
198802,6.01,6.27,8.25,3.53,6,7.45,1.32,-1.43,10.52,4.2,3.03
198803,-1.52,-4.17,-0.39,2.49,-2.81,-4.8,-3.82,-3.17,-0.99,-2.55,-2.6
198804,-0.07,2.9,1.89,4.54,1.09,2.67,0.67,-0.29,1.74,-1.99,-0.49
198805,-0.3,1.23,0.06,-0.49,-1.12,-1.37,2.17,3.59,-1.36,-0.26,2.02
198806,3.41,8.26,7.67,-2.01,6.86,9.49,3.01,3.23,6.68,2.68,5.53
198807,1.62,-0.82,-1.95,3.5,-3.33,-5.12,0.02,-0.26,-0.8,0.49,0.25
198808,-0.22,-6.68,-4.73,-1.5,-3.66,-8.21,-3.05,-0.13,-2.56,-1.08,-0.02
198809,6.49,3.9,3.64,-2.41,2.93,2.85,7.36,2.71,8.05,3.86,3.92
198810,8.16,3.33,0.59,1.82,0.95,0,2.8,2.53,1.7,1.22,-0.19
198811,-1.14,-0.94,-1.93,-0.31,-2.69,-3.13,0.34,-0.46,-2.83,-2.16,-2.62
198812,3.51,0.26,2.41,1.83,4.84,4.89,1.62,1.02,1.48,1.83,-0.14
198901,5.64,7.6,6.7,6.32,9.46,7.1,8.96,2.76,6.36,6.8,6.75
198902,-1.4,-2.99,-2.04,-1.31,-2.21,-3.75,-1.22,-1.82,-1.8,-1.15,-0.37
198903,5.43,-1.41,0.54,3.82,2.76,-5.53,5.56,0.57,2.88,4.96,4.74
198904,5.73,0.47,5.44,2.61,5.05,5.19,9.63,3.9,5.53,5.41,3.88
198905,5.37,2.3,4.3,2.82,2.12,2.46,5.79,5.34,5.27,3.43,4.12
198906,1.48,1.28,-3.17,-0.96,-1.53,-3.27,-0.03,3.4,-2.06,-2.74,0.87
198907,11.98,5.12,7.85,3.76,7.12,2.96,8.57,5.8,9.14,13.89,8.16
198908,-1.99,5.43,3.44,3.36,6.88,2.58,1.02,-0.8,2.7,0.37,1.95
198909,-0.54,-4.6,-2.15,1.41,-3.43,-2.79,3.81,0.48,-2.23,2.38,2.11
198910,-2.49,-5.7,-4.63,0.46,-3.74,-4.56,-2.04,1.01,-4.11,0.39,-3.98
198911,1.68,-1.18,3.34,3.93,2.42,-1.81,1.99,3.23,1.36,4.53,-0.46
198912,1.36,-1.45,2.33,5.86,4.56,-1.06,5.73,4.79,1.24,1.05,-2.47
199001,-9.43,-3.84,-5.55,-4.14,-8.05,-1.25,-13.4,-5.35,-6.24,-7.37,-9.78
199002,-0.39,5.13,2.71,3.03,2.18,4.02,-0.34,0.22,1.92,-2.06,2.33
199003,4.54,2.9,4.59,-0.48,2.22,4.47,4.18,-0.75,5.3,3.86,-1.55
199004,-0.27,-4.04,-2.98,-3.59,-2.16,-2.02,-3.46,-5.51,-1.91,0.29,-4.23
199005,9.04,7.76,7.75,5.95,8.93,12.56,9.39,5.42,11.7,12.76,9.28
199006,2.03,-2.25,-0.62,-2.08,-0.54,-1.24,-4.71,0.75,1.62,4.44,-1.83
199007,-0.81,-3.48,-0.02,8.23,0.8,-7.55,-4.59,0.88,-4.01,2.59,-4.55
199008,-7.36,-14.27,-11.91,-1.2,-12.43,-12.1,-10.72,-6.63,-12.17,-6.82,-11.03
199009,-4.11,-10.58,-8.59,-1.59,-6.69,-6.69,1.29,0.48,-8.42,-4.35,-11.44
199010,2.45,-3.22,-3.61,-4.2,2.45,-3.59,2.8,7.23,-3.07,1.43,-7.03
199011,6.55,4.11,6.79,1.63,8.77,11.12,3.1,2.3,10.37,9.45,14.3
199012,4.41,-0.44,5.28,-2.17,4,4.17,1.75,0.8,3.39,2.75,5.47
199101,5.15,7.29,8.17,-2.01,2.6,14.93,0.18,-1.37,9.41,4.53,7.18
199102,10.29,10.24,6.02,8.39,5.85,6.22,3.41,4.83,8.04,9.85,10.84
199103,4.78,1.16,1.44,1.28,1.15,0.17,2.34,1.71,8.61,5.43,5.81
199104,-0.96,-2.35,-0.41,2.53,2.26,-2.94,1.12,-0.03,1.96,-1.12,1.73
199105,3.59,14.72,7.14,-1.39,7.92,3.77,-1.45,0.16,7.53,4.61,4.64
199106,-4.95,-4.46,-4.03,-3.7,-4.61,-8.91,-1.9,-2.37,-4.18,-4.16,-5.29
199107,5.67,-0.41,2.27,5.02,5.15,4.64,3.2,3.99,5.4,8.44,5.68
199108,5.4,-2.14,2.14,1.75,1.55,2.79,0.84,3.53,3.67,2.86,4.38
199109,-3.25,-2.68,-2.5,-0.7,-1.85,-1.34,0.54,3.73,-3.25,-0.4,-0.2
199110,-0.6,-1.99,1.68,2.03,1.17,1.97,2.11,1.23,-1.96,6.64,2.12
199111,-0.52,-7.97,-5.63,-7.67,-5.06,-4.36,-4.92,1.89,-1.21,-2.55,-5.12
199112,14.63,7.64,11.53,1.94,11.47,9.17,9.83,5.01,13,16.47,13.26
199201,-3.05,10.49,1.94,-4.15,2.8,6.6,-2.62,-4.58,0.33,-5.55,0.84
199202,1.1,12.28,2.31,-0.52,1.47,3.88,-1.21,-1.23,2.6,-2.59,2.97
199203,-1.56,0.79,-2.12,-2.78,0.64,-5.17,-0.98,-0.53,-1.33,-5.46,-0.82
199204,0.74,7.9,2.03,9.47,5,-0.98,6.85,2.68,-3.48,-2.15,0.9
199205,1.38,-1.92,-0.63,3.2,-0.41,0.08,-1.7,2.54,0.18,1.08,2.53
199206,-2.88,2.16,-2.18,-3.48,-5.58,-4.07,1.24,0.54,-1.9,-4.68,1.25
199207,4.67,0.43,1.99,5.35,5.2,3.01,5.37,6.69,3.84,5.73,3.67
199208,0.85,-9.46,-2.97,2.57,-4.72,-4.54,-1.05,-0.49,-0.55,-3.3,-3.22
199209,1.1,0.29,2.09,0.14,1.23,3.37,1.81,0.82,4.04,-4.9,3.37
199210,-0.85,0.06,0.11,-3.46,2.34,2.14,-0.53,-0.42,4.32,3.32,2.82
199211,3.65,8.64,4.72,-2.64,2.4,6.32,4.29,-0.24,7.19,4.87,6.51
199212,0.08,3.37,2.12,1.92,0.12,0.01,5.57,2.7,0.61,-1.4,4.61
199301,-0.78,9.48,1.21,2.75,-2.76,4.86,1.16,2.45,0.03,-6.77,3.65
199302,-2.05,-0.28,1.53,6.01,1.93,-0.28,5.72,6.21,-1.52,-8.94,0.99
199303,0.01,5.45,2.7,4.1,1.25,2.23,3.26,1.77,2.77,0.81,4.36
199304,-9.24,2.31,-0.68,1.18,1.25,-3.66,-2.87,-0.15,-8.14,1.31,-3.71
199305,2.67,1.08,2.86,1.74,1.3,8.78,4.23,-0.06,5.87,3.61,0.43
199306,-0.75,3.31,0.56,-1.12,-1.98,-0.44,4.64,3.18,-2.89,-2.92,3.89
199307,-2.36,1.68,0.39,0.48,-0.96,-3.9,2.15,1.95,0.65,-6,2.4
199308,4.28,0.5,3.84,4.22,2.45,6.43,5.47,3.67,3.97,3.06,3.16
199309,-1.79,0.82,-1.78,1.44,-2.39,1.3,-0.48,-0.63,-0.33,0.91,2.34
199310,6.09,7.51,2.47,-1.87,4.85,1.57,2.59,-1.96,4.61,6,-3.77
199311,0.67,0.84,0.99,-5.89,1.61,0.07,-6.04,-5.51,0.67,1.11,-3.85
199312,1.46,4.51,4.21,0.53,2.62,3.02,-0.44,1.61,-2.09,2.49,2.25
199401,-0.44,6.96,4.07,4.86,6.59,4.74,2.01,-1.22,0.63,1.93,4.18
199402,-1.28,-4.36,-0.54,-2.97,-0.76,1.7,-5.53,-4.95,1.98,-5.55,-4.06
199403,-4.05,-6.42,-4.41,-3.63,-4.34,-3.89,-3.74,-3.93,-4.61,-6.71,-3.37
199404,1.22,-0.45,-1.36,4.13,3.41,-1.57,1.42,2.11,0.25,2.4,2.44
199405,-1.33,-2.77,2.02,0.89,2.24,2.1,1.66,-5.35,-1.91,4.37,4.31
199406,-1.83,-3.43,-2.25,-2.68,-3.25,-5.21,0.71,-3.13,-2.62,-3.69,-2.6
199407,2.95,3.7,4.82,3.3,3.94,3.89,3.2,5.16,0.81,1.04,2.79
199408,6.05,-0.23,3.87,-0.06,6.82,9.31,1.16,0.66,4.58,10.72,3.55
199409,-0.32,-5.06,-1.82,-2.08,-1.26,-0.46,-1.1,-2.78,-2.34,1.72,-4.76
199410,2.16,-1.46,0.17,7.37,1.55,7.28,-0.09,1.56,1.22,0.88,0.35
199411,-1.66,-5.07,-5.28,-4.84,-5.84,-2.13,-5.45,0.26,-3.39,0.43,-5.32
199412,1.32,3.83,4.65,-0.99,2.74,2.52,0.9,0.35,-2.86,0.53,1.39
199501,1.84,-5.84,-0.2,0.37,-0.82,-0.81,4.2,6.23,1.53,6.16,5.64
199502,3,5.07,5.83,4.48,4.74,6.77,1.51,0.82,2.69,2.24,4.93
199503,2.73,1.44,3.2,5.27,4.21,4.56,0.28,-1.75,3.5,2.7,1.21
199504,1.84,1.41,2.69,2.34,3.66,8.31,1.59,2.38,-1.67,3.07,1.65
199505,4.72,4.84,3.11,4.08,3.34,3.09,0.63,6.01,2.7,1.62,6.2
199506,1.69,0.83,2.68,-3.09,0.71,9.81,3.86,-0.46,4.92,4.47,1.73
199507,1.25,2.65,4.49,2.3,1.19,7.9,5.14,-0.38,3.54,5.3,4.19
199508,0.68,0.72,-0.24,-1.61,-0.02,-0.13,4.33,0.98,-2.78,1.04,5.19
199509,6.69,-0.52,1.49,1.31,4.12,1.28,5.63,6.24,2.75,7.45,5.76
199510,0.36,-4.78,-2.64,-0.24,-2.79,1.47,-0.12,1.48,-5.5,1.13,-1.92
199511,4.52,5.45,6.49,4.76,6.49,-0.7,2.8,1.56,6.16,4.94,6.75
199512,1.7,3.15,1.94,5.79,0.58,-4.22,3.94,5.06,-0.81,5.92,1.25
199601,2.67,3.49,2.68,-0.36,5.01,1.91,2.33,1.91,-0.37,5.95,3.93
199602,3.12,2.02,0.58,1.05,1.65,6.3,-2.2,-2.58,4.33,-1.07,2.13
199603,-0.94,4.28,2.94,4.98,4.75,-3.44,-1.87,-0.47,5.96,0.23,0.96
199604,0.1,3.54,2.54,3.44,-0.44,10.03,2.7,-2.59,4.22,-0.6,-1.08
199605,6.56,2.24,3.02,0.48,0.77,3.84,0.06,1.35,4.39,3.93,1.41
199606,3.24,-4.93,-0.33,0.92,-0.78,-4.89,0.43,5.21,-1.62,-0.19,0.65
199607,-4.1,-4.18,-4.44,-4.67,-2.88,-7.51,-8.54,-5.82,-7.53,-6.06,-2.58
199608,-0.75,3.16,3.4,2.97,2.84,4.39,-0.92,2.89,5.83,4.19,4.18
199609,3.68,2.39,5.99,4,6.54,10.65,1.52,0.67,3.52,7.34,5.78
199610,1.78,0.13,1.41,5.84,2.16,-1.18,-0.73,3.61,-2.23,-0.68,5.47
199611,5.13,6.01,6.21,5.53,5.78,12.1,5.65,2.61,3.12,6.66,8.45
199612,0.51,-3.19,0.02,0.8,-1.55,-2.58,2.63,0.14,-3.46,-2.66,-1.65
199701,5.58,3.16,4.07,4.32,4.72,9.37,2.34,0.9,0.17,9.55,6.59
199702,4.09,0.35,0.44,-5.69,1.78,-7.42,2.28,-0.57,3.08,0.94,3.93
199703,-5.12,-3.94,-4.05,5.21,-2.94,-5.51,-7.6,-2.76,-1.29,-7.4,-6.63
199704,5.19,2.31,5.34,0.05,5.34,8.22,2.54,-1.39,2.21,6.16,6.23
199705,5.89,6.67,8.41,7.33,6.29,10.11,6.64,3.77,6.04,6.91,5.86
199706,3.53,3.9,5.19,1.31,5.24,1.32,3.78,3.06,5.02,8.89,6.16
199707,3.35,7.46,7.09,7.4,7.29,16.01,2.75,2.81,7.78,2.06,10.62
199708,-6.25,1.37,-4.94,0.24,-7.18,-1.31,-2.28,-1.16,-2.57,-6.14,-5.64
199709,5.56,5.34,3.77,6.3,2.05,3.45,9.68,4.65,5.19,6.62,8.09
199710,-3.14,-3.3,-6.72,-2.01,-3.58,-8.41,3.33,0.94,-2.2,0.26,-1.9
199711,6.45,-1.63,3.79,-3.55,5.38,1.48,10.26,7.14,5.35,2.86,3.6
199712,3.78,4.1,-0.99,-1.51,1.71,-4.2,4.56,7.97,-0.24,3.55,5.89
199801,-2.89,0.55,1.72,-5.73,-1.83,5.28,4.84,-4.37,0.91,5.73,-2.84
199802,5.14,12.28,6.59,6.83,8.53,10.39,2.62,2.65,10.38,5.44,8.83
199803,5.72,6.24,5.2,4.8,4.03,1.32,9.81,6.77,6.55,3.61,5.74
199804,-3.1,0.99,1.18,3.8,1.43,5.12,-3.03,-2.51,-0.38,1.92,1.87
199805,1.08,7.2,-3.77,-4.2,0.92,-6.96,-1.65,-0.88,2.14,-2.47,-2.3
199806,3.8,1.8,-0.95,-1.36,0.39,8.76,3.21,2.84,4.81,6.18,3.51
199807,-4.07,-1.32,-4.82,-6.79,-8.12,0.49,3.83,-5.34,-3.1,-0.22,-0.99
199808,-12.99,-19.17,-15.62,-10.41,-10.84,-17.59,-11.74,2.25,-14.24,-12.26,-22.1
199809,1.3,1.55,1.86,13.01,-2.58,15.16,10.02,7.98,1.48,12,2.06
199810,10.8,11.71,11.1,1.28,11.42,6.38,6.82,-1.76,10.56,3.86,10.05
199811,6.33,4.84,4.1,0.45,2.28,11.65,3.67,1.35,9.55,6.18,6.37
199812,0.51,4.26,3.17,-1.16,0.13,15.29,14.32,2.83,8.97,5.02,3.21
199901,-3.41,5.43,2.25,-5.51,-3.96,15.13,8.79,-6.26,2.36,0.24,0.52
199902,-3.78,-4.31,-2.89,-3.17,0.71,-11.46,-2.92,-3.78,-1.5,0.22,0.67
199903,-1.96,-0.84,4.37,15.42,5.79,8.58,-0.66,-1.69,2.79,2.55,3.07
199904,3.76,10.33,8.46,15.91,11.42,2.37,8.33,7.18,0.51,-5.53,6.33
199905,1.41,-5.54,-2.75,-3.13,-4.25,-0.67,1.03,6.72,-2.88,-2.05,-3.56
199906,0.33,0.59,5.92,-1.48,0.94,11.76,5.85,-4.29,7.92,4.49,2.83
199907,-2.48,-5.97,-1.36,1.65,-0.35,-1.79,-1.61,-0.61,-5.02,-4.44,-5.76
199908,-4.63,1.12,-0.13,1.86,-1.01,5.47,-7.57,0.62,-5.97,3.72,-5.24
199909,-6.78,-7.76,-1.15,-3.88,-7.65,-0.14,4.45,-4.31,1.45,-7.09,-5.26
199910,6.46,4.44,3.17,-1.58,8.08,3.25,9.53,2.17,3.34,10.78,14.02
199911,-1.23,-1.93,-1.5,3.78,0.33,12.86,4.29,-7.45,4.18,1.5,-3.45
199912,-2.5,2.88,11.24,0.68,5.56,20.76,4.18,-2.34,6.46,-5.63,-0.92
200001,-4.77,-0.87,-7.9,0.9,-8.26,-4.78,-4.04,5.75,-11.23,7.56,-4.42
200002,-6.19,-7.95,-2.3,-5.44,-10.2,18.01,-3.59,-7.26,-3.86,-2.88,-8.49
200003,7.74,10.51,12.04,12.26,-3.89,4.12,7.57,5.77,13.28,0.28,16.69
200004,-1.82,9.27,1.17,-1.98,0.14,-10.65,-7.9,7.6,-4.27,5.25,-4.25
200005,7.22,-13.22,-2.26,9.44,1.87,-10.86,-10.41,3.9,-2.7,3.94,5.06
200006,2.39,-9.48,-0.13,-5.17,-4.91,13,4.16,-4.76,-2.32,11.51,-4.01
200007,0.79,4.61,-0.21,-2.61,-1.74,-5.18,-7.41,4.43,-1.37,-6.16,8.9
200008,-1.81,4.57,8.94,8.91,1.71,12.57,-0.96,11.72,-2.45,3.58,10.2
200009,3.46,-4.1,-7.73,4.37,-1.33,-15.05,-4.07,9.63,2.7,3.72,2.29
200010,7.63,1.88,3.14,-3.05,8.4,-7.28,-0.42,-2.25,-1.51,2.59,-0.32
200011,2.78,-11.21,-5.23,-2.95,0.37,-23.37,-15.51,3.1,-1.37,0.79,-5.28
200012,5.46,1.07,6.62,7.75,8.39,-8.03,-4.38,6.58,5.62,3.53,10.11
200101,-1.92,13.2,2.29,-3.39,-5.74,16.59,14.39,-10.77,6.63,-8.93,-0.49
200102,0.18,-1.25,-5.57,0.12,-1,-26.03,-9.89,6.24,-5.35,-0.5,-5.29
200103,-4.65,-3.06,-7.5,-0.31,-6.82,-13.58,-5.69,1.64,-2.87,-8.44,-3.04
200104,0.93,8.44,10.69,10.32,3.09,17.97,2.51,5.46,5.6,3.99,3.97
200105,3.35,-2.32,2.58,0.09,3.71,-3.39,-1.28,0.01,1.6,3.03,3.84
200106,-1.61,3.48,-5.96,-7.71,-0.8,1.45,-3,-6.22,-2.49,-2.85,0.7
200107,-0.19,3.28,0.46,-2.55,0.59,-7.54,-0.67,-3.66,4.59,2.3,-0.71
200108,2.51,-11.36,-2.98,-3.59,0.69,-12.65,-9.24,0.42,-6.98,-3.11,-5.69
200109,-2.57,-16.9,-15.98,-5.65,-5.19,-18.98,-2.45,-6.39,-9.6,-0.59,-5.92
200110,1.08,0.9,4.78,4.78,1.98,15.7,-9.39,1.41,1.64,1.18,-1.38
200111,2.08,15.5,8.76,-4.11,7.47,16.01,6.09,-1.63,10.14,5.04,7.17
200112,2.02,-0.91,3.89,6.16,0,-0.65,2.74,3.85,4.51,-2.88,2.88
200201,1.92,2.94,2.02,-2.99,0.81,-0.51,-7.14,-4.07,2.76,-2.36,-1.33
200202,4.36,3.05,4.57,5.19,3.69,-13.23,-2.39,-0.25,-0.09,-0.51,-1.12
200203,3.74,6.92,4.91,7.81,5.07,6.42,0.31,10.04,2.03,0.47,6.5
200204,2.66,1.74,-1.01,-4.4,-2.56,-11.75,-12.71,-0.56,-1.38,-7.59,-1.34
200205,1.44,-0.21,-0.84,-0.59,0.92,-3.75,3.01,-6.47,-1.26,-2.23,-0.21
200206,-5.79,-8.11,-3.82,-0.44,-1.5,-12.25,-14.4,-5.36,-5.08,-9.6,-4.7
200207,-6.72,-12.26,-10.02,-11.95,-5.16,-9.58,-11.67,-12.3,-11.31,-2.55,-7.35
200208,2.49,0.38,-2.68,0.54,1.71,-0.89,0.33,3.38,1.9,0.65,2.02
200209,-7.68,-11.08,-9.66,-8.13,-5.45,-16.82,-9.3,-10.86,-9.4,-5.86,-10.85
200210,5.22,-3.3,4.19,3.28,3.31,19.49,21.36,-0.68,5.7,5.68,7.58
200211,-1.27,12.07,8.39,3.17,2.02,16.21,11.76,1.62,1.93,3.71,3.52
200212,0,-7.26,-4.91,0.76,-1.38,-13.09,-9.07,3.85,-6.94,-4.05,-4.48
200301,-4.78,-3.23,-4.48,-2.41,-3.26,-1.47,-3.53,-3.17,-4.77,-0.59,-1.34
200302,-3.11,-5.05,-1.63,1.98,-3.22,1.3,-6.44,-3.92,-1.21,-1.94,-3.05
200303,-2.67,-2.76,-1.12,1.18,6.19,-0.96,-0.6,4.35,4.61,3.79,0.01
200304,4.7,15.18,6.83,-0.57,5.58,9.32,11.15,7.44,8.9,4.32,11.24
200305,9.22,2.85,6.12,8.91,1.83,9.7,6.16,10.11,3.41,3.91,5.69
200306,1.57,2.68,1.75,-1.21,-1.85,0.24,1.97,0.66,3.47,4.11,0.58
200307,-2.33,6.6,5.86,-2.7,3.06,5.64,-1.65,-5.25,3.32,0.62,4.52
200308,0.66,7.86,5.84,6.26,0.7,6.11,1.34,1.91,6.76,-2.53,-0.75
200309,1.11,-4.07,-5.19,-2.31,-0.55,-0.9,-5.65,3.9,-4.53,0.24,0.66
200310,5.59,6.97,10.47,1.54,5.45,8.22,6.66,1.58,9.03,0.72,7.08
200311,3.78,3.09,2.68,0.61,0.74,1.89,-0.63,0.94,0.58,1.64,0.7
200312,3.31,12.3,7.24,13.58,5.64,2.1,7.39,5.81,-2.13,5.69,4.26
200401,0.12,-1.12,-0.77,0.45,-0.28,4.46,1.42,1.92,0.45,3.04,3.31
200402,4.28,-0.11,1.57,4.69,2.94,-2.94,-0.79,2.06,6.08,0.91,2.79
200403,-0.3,-1.15,-0.49,-0.16,0.39,-2.54,-2.44,1.17,0.3,-3.91,-0.65
200404,1.51,2.38,-0.89,2.48,1.37,-4.92,-0.51,-3.51,-2.68,3.57,-4.52
200405,-2.19,-1.61,1.75,0.42,1.24,4.86,-2.95,1.28,0.27,-0.38,1.83
200406,1.87,5.08,6.2,5.49,3.47,2.62,0.56,2.01,0.07,-0.38,0.59
200407,-5.83,-4.69,-3.91,3.28,-4.33,-8.5,-1.27,1.05,-3.98,-5.89,-2.31
200408,0.83,-2.3,-0.03,-1.24,4.2,-4.43,1.28,3.67,-1.15,1.65,3.11
200409,-1.76,2.45,2.92,8.88,-0.26,3.26,1.34,1.42,2.58,-1.41,0.21
200410,2.87,-2.65,-1.26,0.66,-1.61,5.03,3.36,4.23,3.08,-2.41,0.57
200411,4.52,7.18,7.71,6.56,5.97,5.85,3.42,4.92,3.61,0.66,4.7
200412,4.8,4.85,2.21,-2.09,3.53,3.19,4.34,2.41,3.43,5.65,4.24
200501,-0.08,-6.71,-2.06,3.02,-1.16,-6.14,-3.93,1.76,-1.08,-4.05,-2.13
200502,0.6,-0.28,4.16,19.03,4.1,-0.19,-0.15,2.32,0.86,2.47,-0.23
200503,-0.88,-7.56,-1.72,-3.27,-0.94,-2.42,-0.11,0.63,0,-0.42,-3.22
200504,-1.02,-11.06,-5.11,-5.79,-3.94,-4.54,-1.94,2.1,-5.34,3.95,-0.93
200505,2.27,8.65,3.98,2.17,0.5,7.77,1.42,1.7,6.39,1.45,3.36
200506,-1.61,1.77,-0.77,5.85,-2.18,-1.62,0.05,5.57,2.47,-0.56,2.46
200507,2.41,5.21,6.51,6.14,4.28,5.97,2.91,2.99,5.84,3.74,1.74
200508,0.1,-2.73,-0.51,5.71,-3.34,-0.6,-1.14,1.16,-5.56,-0.33,-1.44
200509,0.25,-4.8,1,7.05,0.19,0.79,-1.58,4.39,-1.75,-1.95,1.16
200510,-1.81,-4.17,-3.28,-10.01,-0.64,-1.63,-3.08,-6.85,1.62,-3.25,2.52
200511,1.01,2.28,6.59,1.38,2.66,6.6,2.42,-0.19,4,1.56,4.49
200512,-0.16,-0.66,1.55,0.72,1.22,-1.85,-1.59,1.23,-0.61,2.4,0.28
200601,0.18,6.15,6.03,12.69,2.93,3.68,3.58,3.05,1.99,2.16,1.28
200602,1.15,-0.31,1.58,-8.22,0.33,-1.27,3.3,0.23,1.44,1.07,1.59
200603,1.23,2.77,4.26,4.2,0.1,2.98,1.87,-3.64,2.41,-0.96,0.63
200604,1.03,0.53,4.64,4.64,2.56,-1.09,1.56,1.85,-1.66,-1.93,2.78
200605,1.3,0.5,-3.43,-3.38,-3.02,-6.8,-0.12,1.52,-1.93,-2.19,-3.6
200606,-0.08,1.92,-0.61,2.58,-0.27,-1.16,2.88,2.41,0.27,-0.14,-0.4
200607,3.49,-3.16,-4.69,4.7,-1.65,-3.94,2.26,4.87,-4.31,4.27,1.32
200608,3.09,2.06,0.45,-3.56,5.76,7.22,2.24,2.35,2.05,2.31,1.49
200609,-0.31,4.27,1.98,-3.53,1.77,3.71,3.42,-2.15,5.76,1.67,3.66
200610,2.59,5.13,4.47,5.02,4.15,4.34,5.45,5.36,3.91,1.65,2.1
200611,1.44,1.86,4.65,8.56,1.28,3.06,0.69,3.03,-1.31,0.07,1.03
200612,1.98,-0.79,0.07,-2.07,1.48,-0.97,4.36,0.7,1.45,0.07,3.81
200701,1.35,2.71,3.33,-1.31,3.01,2.16,2.88,0.38,3.55,3.49,0.5
200702,-1.79,-0.43,1.05,-2.17,0.27,-2.49,-2.5,4.25,-0.63,-2.81,-2.5
200703,2.47,-1.07,1.9,5.99,0.88,0.91,2.32,4.34,0.73,-0.21,-0.38
200704,3.74,6.26,5.35,5.39,2.34,4.92,2.11,3.92,2.23,6.83,3.67
200705,2.81,3.42,6.26,7.19,1.67,3.89,6.68,1.2,2.51,1.09,2.94
200706,-0.86,2.12,-0.48,1.04,-0.87,0.6,-1.73,-4.78,-1.95,-3.4,-3.54
200707,-4.26,-5.9,-0.17,-1.02,0.05,-1.23,-3.15,-3.82,-5.36,-4.03,-7.55
200708,1.83,-1.78,-0.15,0.3,2.78,2.66,-0.8,1.93,1.4,2.3,1.48
200709,3.76,1.6,4.98,7.8,6.35,4.2,1.97,3.57,-0.72,3.58,1.95
200710,2.2,1.04,0.38,2.74,2.25,6.82,-2.29,6.69,1.07,1.44,-1.3
200711,1.04,-8.72,-3.97,-4,0.24,-7.47,-6.75,-0.69,-3.78,0.03,-6.16
200712,-1.11,-1.89,0.57,7.6,1.55,1.44,-0.2,0.89,-2.72,-4.07,-4
200801,-4.95,-5.94,-7.53,-9.34,-7.24,-12.38,-7.66,-6.92,-0.42,-4.56,-1.26
200802,-0.22,-5.91,-0.16,7.16,2.67,-3.72,-3.81,-3.01,-4.85,-0.92,-10.72
200803,1.18,-4.14,-0.63,-2.8,1.4,0.78,-0.21,0.88,1.88,-1.79,-3.78
200804,-1.38,6.63,6.08,10.71,2.73,6.86,4.42,6.33,5.18,0.41,5.68
200805,3.67,1.75,4.16,4.37,1.61,5.43,4.8,3.57,1.05,1.63,-4.1
200806,-7.37,-19.3,-10.97,2.91,-5.91,-9.03,-11.05,-0.58,-8.1,-3.01,-17.35
200807,1.91,-0.21,-1.97,-15.69,3.22,-0.88,-3.01,-7.23,1.15,6.76,6.63
200808,1.91,2.47,1.57,-0.17,1.38,2.37,4.09,-0.5,5.38,1.79,-0.08
200809,-2.96,-9.19,-15.57,-12.46,-9.18,-12.57,-12.7,-12.11,-5.78,-5.95,-4.24
200810,-12.19,-32.63,-23.72,-17.23,-15.61,-18.07,-16.35,-11.07,-15.12,-10.96,-20.07
200811,-6.73,-11.44,-8.03,-0.45,-7.48,-11.16,-1.82,1.08,-7.68,-7.36,-13.87
200812,0.3,1.3,3.66,-3.13,-2.11,2.2,3.44,-2.08,4.91,6.75,1.66
200901,-3.63,-12.48,-9.46,-3.11,-8.84,-3.08,-10.36,-0.81,-7.62,-2.2,-20.89
200902,-7.59,-12.82,-15.77,-11.95,-9.76,-4.97,-7.14,-12.65,-3.11,-9.92,-14.52
200903,6.38,12.83,8.63,3.76,5.97,11.38,7.64,2.79,9.94,7.05,14.24
200904,4.78,42.63,21.08,5.2,11.64,12.49,10.43,2.13,9.56,-0.95,17.07
200905,6.76,-2.82,4.95,10.77,6.18,3.13,1.52,4.66,-0.9,6.26,9.67
200906,0.34,3.71,-1.16,-4.84,-2.67,4.3,1.63,4.66,-0.32,3.54,-1.7
200907,7.44,18.43,10.93,5.31,12.28,8.32,5.42,4.35,6.75,5.52,8.36
200908,0.83,2.65,4.68,0.73,-0.2,2.42,1.03,0.21,3.69,2.19,10.2
200909,4.32,3.08,6.45,5.19,6.47,5.23,6.34,2.33,2.38,2.4,1.28
200910,-0.69,-0.25,-3.58,2.23,-1.09,-1.35,-3.54,-2.74,0.06,-3.67,-4.41
200911,3.82,9.46,7.24,3.17,8.25,5.01,6.49,4.51,5.04,8.22,4.26
200912,2.67,5.07,4.51,-0.55,-0.31,5.89,6.25,5.86,1.97,2.45,0.94
201001,-2.33,-0.87,-4.42,-4.73,-1.09,-7.9,-6.84,-4.5,-1.85,0,-1.19
201002,2.72,7.3,5.75,2.41,4.13,4.8,2.92,-0.43,4.29,0.38,2.72
201003,5.98,9.28,7.82,3.17,4.11,6.66,7.88,3.1,6.24,3.61,8.14
201004,-0.93,7.2,4.25,3.6,1.28,2.19,3.82,2.86,2.56,-2.23,0.95
201005,-5.68,-8.7,-9.08,-10.7,-6.76,-7.69,-5.91,-6.31,-5.34,-8.01,-9.14
201006,-1.94,-10.31,-6.45,-6.41,-4.38,-6.19,-4.33,-0.72,-9.02,-1.63,-7.32
201007,7.37,15.02,10.13,7.74,8.51,7.57,9.74,6.79,4.62,2.14,6.63
201008,-1.25,-9.48,-7.26,-3.38,-1.98,-6.47,-2.23,0.41,-3.93,-1.66,-8.38
201009,6.2,13.63,12.2,9.64,6.13,12.42,7.86,3.64,12.08,9.01,7.49
201010,4.35,8.4,4.51,4.38,6.39,6.4,4.81,1.86,2.43,2,1.97
201011,0.05,7.28,2.78,5.59,-1.1,-0.79,-1.86,-1.31,4.18,-3.34,-0.35
201012,4.37,8.54,7.36,9.37,6.3,6.03,6.71,3.22,3.26,5.41,10.51
201101,-2.35,0.48,4.17,6.93,0.09,3.91,0.05,2.23,-0.88,-0.71,2.25
201102,4.86,-1.4,3.48,7.65,3.31,2.32,7.59,2.43,2.27,3.33,2.67
201103,3.05,1.73,2.33,1.91,0.77,-1.6,1.77,0.91,1.1,2.3,-1.48
201104,4.59,2.22,2.13,1.3,4.87,3.09,3.41,3.99,4.53,6.38,0.65
201105,1.93,-3.54,-2.96,-4.56,-0.41,-1.66,0.77,1.3,0.83,1.97,-2.52
201106,-1.01,-1.23,-0.01,-2.49,-1.8,-2.33,-1.24,-0.34,-0.89,-1.83,-2.19
201107,-0.43,-8.91,-5.93,0.51,-2.15,-0.35,-5.03,-0.35,-0.67,-3.65,-3.91
201108,-0.68,-12,-7.57,-10.11,-3.14,-6.9,-5.45,0.14,-2.88,-3.1,-9.15
201109,-4.86,-14.11,-11.8,-12.47,-9.57,-4.78,-5.94,-1.63,-3.89,-3.96,-11.04
201110,6.45,23.2,16.22,16.45,10.08,11.87,7.72,6.68,9.77,5.53,13.48
201111,1.4,-8.01,1.83,1.66,0.56,-1.97,0.05,0.99,1.1,1.27,-2.94
201112,1.88,-1.16,-1.73,-0.59,1.05,-1.47,3.2,2.95,0.87,3.53,1.76
201201,0.44,13.51,8.08,1.39,4.14,8.16,2.31,-2.71,4.05,3.39,7.17
201202,3.97,6.02,3.92,6.56,3.66,6.74,5,1.25,3.19,1.23,6.47
201203,3.91,0.92,0.08,-3.26,1.94,4.69,2.52,1.44,4.61,3.96,6.86
201204,0.82,-6.98,-0.94,-1.71,-0.14,-2.09,1.62,1.74,1,0.62,-2.46
201205,-2.65,-8.15,-8.64,-10.73,-6.13,-7.87,-1.05,-0.93,-3.09,-3.29,-9.02
201206,3.34,-5.51,0.74,5.85,2.12,2.85,7.04,3.4,2.11,6.8,4.54
201207,1.37,0.31,0.56,2.74,1.47,-0.53,4.07,3.73,1.26,1.65,-1.06
201208,0.21,4.11,3.49,2.4,3,4.54,1.08,-3.34,2.7,0.97,4.11
201209,0.88,3.58,1.44,3.58,1.96,1.56,4.81,2.17,1.97,4.71,3.62
201210,-1.71,5.91,-0.42,-1.79,-1.08,-6.31,-2.3,1.05,-1.01,-1.89,1.97
201211,3.26,3.11,2.92,-1.51,2.13,1.87,0.06,-3.68,1.42,1.5,-0.68
201212,-2.26,7.3,3.73,1.28,1.1,0.23,1.15,0.14,-1.09,-0.53,4.31
201301,5.1,3.54,5.64,7.67,6.75,2.47,4.96,5.08,5.57,8.07,6.36
201302,3.21,0.02,1.3,0.38,1.28,0.55,2.21,2.16,0.84,1.35,1.31
201303,5.02,4.02,3.17,2.08,1.6,2.61,5.77,5.64,4.73,6.5,4.53
201304,3.82,3.57,-0.23,-1.35,2.78,0.49,4.21,5.05,2.66,2.58,1.6
201305,-2.29,9.9,4.55,3.01,1.3,4.37,-1.7,-6.99,2.22,1.63,7.05
201306,0.07,-0.49,-1.58,-2.37,-2.76,-2.84,2.18,0.79,-0.06,-1.36,-0.44
201307,2.92,8.98,6.3,5.02,5.35,5.96,3.77,4.58,5.91,7.87,6.33
201308,-3.91,-1.1,-1.87,-1.88,-1.94,-0.01,-3.29,-4.41,-4.22,-3.81,-4.2
201309,1.94,6.43,6.78,1.91,2.6,3.87,4.09,1.04,4.5,4.01,3.2
201310,4.75,0.89,4.04,4.77,5.3,3.99,5.59,3.34,5.08,3.82,3.33
201311,1.3,1.97,3.15,0.93,2.4,3.52,0.52,-1.8,3.64,4.5,6.08
201312,2.41,1.13,4.02,2.98,1.21,4.19,3.7,1.79,0.29,0.65,2.73
201401,-5.7,-3.62,-4.03,-7.04,-4.66,-1.21,-4,2.49,-6.46,1.65,-4.23
201402,3.46,7.92,5.27,5.7,5.54,5.23,2.77,3.07,5.33,6.47,3.24
201403,3.26,-1.01,-0.09,2.44,1.18,-0.82,0.07,2.68,-0.57,-2.56,2.35
201404,1.42,0.27,0.52,5.65,1.54,-1.14,0.25,3.97,-0.94,-0.3,-3.51
201405,3.44,0.64,1.28,0.86,1.21,3.46,3.97,0,0.94,1.88,1.83
201406,1.17,4.38,2.26,4.16,-0.32,2.96,1.6,5.41,1.28,2.86,3
201407,-4.31,-4.63,-4.81,-3.6,-2.86,0.35,0.46,-6.48,-2.3,-0.34,-2.07
201408,5.54,5.2,4.61,2.27,5.1,4.27,0.52,5.39,5.15,5.43,3.79
201409,-0.08,-9.42,-3.09,-8.01,-0.95,-1.3,-1.71,-3.4,-1.43,-0.08,-0.66
201410,2.64,3.86,3.09,-4.44,0.93,1.29,1.41,6.69,3.03,5.76,3.82
201411,4.79,4.74,2.05,-9.87,2.57,4.24,3.04,0.29,7.46,2.66,1.98
201412,-2.36,0.58,-0.6,0.41,0.64,-1.31,-1.74,1.85,1.59,-0.88,2.06
201501,-0.55,-4.19,-4.03,-4.37,-3.53,-3.38,-4.9,1.18,-0.3,1.56,-7.47
201502,5.03,8.08,6.22,4.82,6.23,8.31,9.1,-4.37,5.56,4.31,7.86
201503,-2.43,-0.4,-1.55,-2.67,-2.93,-2.45,-2.21,-0.28,0.7,0.84,0.12
201504,0.81,-0.93,-0.71,6.97,-0.46,1.38,3.4,0.3,-2.18,-1.4,0.8
201505,1.53,1.03,1.14,-5.08,0.66,2.02,0.81,-0.5,0.92,4.88,3.1
201506,-1.32,-1.5,-2.02,-3.84,-1.61,-3.55,-0.51,-5.37,-0.6,0.08,1.27
201507,4.79,-2.17,-1.97,-8.99,-2.42,2.38,1.41,2.61,4.78,3.66,1.94
201508,-4.18,-6.13,-4.85,-3.63,-7,-5.83,-8.42,-4.01,-5.34,-8.34,-6.6
201509,-0.62,-3.23,-4.4,-5.85,-3.86,-1.43,-2.61,-0.56,-1.81,-7.29,-3.21
201510,6.64,6.86,8.27,12.34,11.35,10.1,8.85,2.07,4.52,7.72,5.89
201511,-0.98,1.94,0.59,1.08,0.29,1.16,-1.92,-3.45,0.85,0.72,2.13
201512,0.79,-4.03,-3.7,-9.7,-0.78,-2.52,-3.02,-2.36,0.29,0.38,-2.95
201601,0.11,-12.53,-6.12,-4.64,-4.7,-6.05,-0.36,4.62,-4.17,-9.4,-9.62
201602,0.58,4.09,3.82,-2.88,2.85,-0.95,1.17,1.72,0.05,-1.06,-2.81
201603,5,10.76,7.28,10.9,5.97,8.44,6.02,7.92,5.72,2.92,6.69
201604,0.3,1.46,2.56,9.11,1.74,-4.09,0.6,-0.78,-0.6,3.56,3.92
201605,0.72,-1.11,-0.7,-0.92,-0.67,5.1,0.3,2.24,0.99,2.47,2.12
201606,4.68,-5.69,0.6,2.65,1.3,-1.89,3.12,7.37,0.84,0.14,-5.28
201607,-0.05,8.64,4.74,-2.79,2.83,7.77,2.29,-0.22,3.49,6.01,4.11
201608,-0.61,0.29,1.3,1.4,1.96,1.9,-3.55,-3.92,-1.44,-3.21,4.88
201609,-2.51,-1.64,-0.09,2.93,-0.44,2.38,0.54,1.75,-0.68,0.35,-1.44
201610,-0.15,-3.58,-2.77,-2.92,-2.33,-1.09,-2.83,-0.61,-3.97,-7.44,1.38
201611,-3.76,7.6,9.09,9.55,0.78,0.54,6.26,-2.84,4.45,1.38,12.77
201612,3.53,3.83,0.35,2.18,0.79,0.86,4.68,3.64,-0.42,0.85,3.83
201701,1.63,2.77,3.23,-4.32,3.81,4.7,3.4,1.09,1,2.21,0.67
201702,3.73,0.68,4.09,-2.37,4.19,5,-0.07,4.02,2.81,7.1,4.59
201703,0.89,0.05,-0.2,-1.2,0.85,2.17,0.83,0.32,0.8,-0.15,-2.22
201704,0.51,1.72,2.7,-2.84,0.29,2.79,-0.12,0.36,2.7,1.09,0.27
201705,3.08,-0.52,1.59,-3.45,0.83,4.25,-1.92,2.58,1.61,-0.43,-0.94
201706,-0.98,3.51,1.61,-0.21,0.63,-2.14,-2.27,-1.89,-1.9,5.56,5.72
201707,-0.12,-1.12,2.27,2.11,1.94,3.82,5.3,2.96,0.06,0.53,1.94
201708,-1.71,-0.16,-0.35,-5.17,1.17,3.03,-2.56,2.15,-1.66,1.79,-1.23
201709,-0.33,5.29,5.03,11.14,2.34,0.58,-1.68,-1.93,2.5,1.5,5.14
201710,0.1,1.2,3.67,0.29,0.92,6.84,-5.74,3.05,2.69,-2.24,3.28
201711,4.1,-0.6,3.38,2.96,3.8,1.08,3.72,2.38,8,2.36,3.78
201712,2.01,-0.83,2.49,5.07,1.77,-0.21,4.59,-4.96,2.44,-0.23,0.98
201801,1.91,2.54,6.17,2.82,-0.53,7.63,3.18,-2.77,9.4,6.38,6.15
201802,-6.21,-6.02,-3.27,-10.88,-5.76,-0.01,-7.32,-4.55,-4.73,-3.9,-2.57
201803,-1.07,-5.59,-3.17,2.99,0.59,-3.31,-2.52,3.14,-2.54,-2,-3.39
201804,-3.96,-0.13,-3.59,10.14,-2.78,-0.12,-2.42,2.79,3.9,-0.28,1.17
201805,-0.51,2.95,3.26,3.49,0.81,6.92,-0.93,0.25,0.85,2.43,0.42
201806,4.53,0.79,-2.16,0.56,2.19,-0.35,6.23,2.59,3.03,1.52,-0.94
201807,2.8,-1.42,5.87,1.05,3.73,2.19,2.7,1.73,3.15,6.08,4.31
201808,-1.07,-0.52,-0.92,-2.85,1.2,7.33,2.94,0.86,8.04,4.47,2.44
201809,0.71,-3.67,2.5,3.46,-0.91,-0.28,1.75,-0.55,0.58,1.99,-1.89
201810,-0.24,-3.21,-11.72,-12.06,-6.23,-8.79,-0.53,-0.08,-8.71,-8.84,-5.52
201811,0.46,5.25,4.23,-2.39,5.5,-1.68,2.53,3.24,2.45,6.3,2.87
201812,-11.23,-11.4,-9.88,-13.15,-6.3,-8.08,-8.86,-4.81,-9.05,-8.41,-11.46
201901,7.3,10.47,11.84,10.46,5.66,9.51,5.69,5.45,8.2,5.01,9.72
201902,1.42,3.91,5.67,2.46,4.45,5.58,3.32,3.6,0.85,3.05,2.95
201903,3.68,-5.22,-2.05,2,1.91,3.73,0.3,3.33,3.39,0.62,-2.26
201904,3.19,3.55,3.82,0.17,4.46,6.11,6.34,0.99,4.6,-3.05,7.1
201905,-5.54,-12.02,-9.87,-11.86,-7.75,-8.55,-3.05,-1.53,-6.1,-3.46,-5.43
201906,4.93,12.82,9.72,8.84,5.23,7.8,5.03,3.62,7.18,7.26,6.31
201907,1.73,1.16,-0.36,-2.67,3.04,3.68,1.86,-0.92,0.89,-1.84,3.05
201908,-1.33,-4.22,-2.06,-8.84,-1.16,-2.81,0.43,3.51,0.07,-0.37,-4.63
201909,1.85,3.25,4.43,3.69,3.17,1,1.3,3.92,0.76,-0.7,2.55
201910,-0.02,7.14,0.77,-2.05,-1.29,3.33,2.23,-1.4,0.69,4.43,3.34
201911,2.19,2.8,4.52,1.23,1.16,5.09,1.76,-2.1,2.18,5.37,5.65
201912,3.53,5.15,1.13,6.3,2.13,3.65,1.23,3.99,1.41,3.37,2.6
202001,-0.38,5.92,-2.79,-11.97,-3.67,3.3,-2.09,4.92,0.87,-1.78,-2.13
202002,-8.73,-7.34,-8.37,-15.33,-8.9,-6.86,-5.95,-9.88,-6.76,-5.64,-10.59
202003,-11.49,-22.7,-19.9,-34.61,-10.85,-9.72,-13.39,-13.02,-7.58,-5.33,-20
202004,8.01,25.75,9.97,32.33,12.93,15.11,9.64,4.98,18.02,13.09,11.71
202005,3.3,7.3,6.51,0.55,5,8.32,4.86,4.57,4.38,3.97,3.97
202006,-0.03,14.2,3.31,-0.37,1.23,6.06,-2.44,-5.04,4.21,-1.76,-0.35
202007,5.85,18.73,2.9,-4.77,7.48,6.87,5.09,6.37,9.53,4.44,1.96
202008,4.43,40.86,6.98,-1.14,4.96,10.67,5.45,-2.25,8.13,2.77,4.97
202009,-2.06,-9.02,-0.05,-14.94,0.08,-5.23,-2.2,-0.27,-3.83,-1.51,-4.08
202010,-2.61,-3.17,-0.8,-4.53,-0.72,-1.9,-3.9,4.49,-2.53,-4.29,-1.08
202011,10.02,33.99,16.84,28.6,8.35,11.04,14.44,2.63,8.39,9.63,16.26
202012,4.9,15.43,2.92,6.2,1.75,4.99,5.29,0.63,1.49,4.7,6.85
202101,-4.12,11.75,-1.52,4.73,-4.13,0.49,-3.37,-0.4,0.07,2.85,-3.04